Harakat ID,Sana,Ombor kodi,Filial kodi,Mahsulot kodi,Miqdor,Turi,Birlik tannarxi,Valyuta
H0000001,2026-01-01T08:00:00+05:00,TOS-01,TOS,P001,20,kirim,50.00,UZS
H0000002,2026-01-01T08:00:00+05:00,TOS-01,TOS,P002,10,kirim,50.00,UZS
H0000003,2026-01-10T23:00:00+05:00,TOS-01,TOS,P001,-6,sotuv,50.00,UZS
H0000004,2026-01-12T23:00:00+05:00,TOS-01,TOS,P002,-4,sotuv,50.00,UZS
H0000005,2026-01-20T18:00:00+05:00,TOS-01,TOS,P001,1,qaytarish,50.00,UZS
H0000006,2026-02-01T08:00:00+05:00,NAM-01,NAM,P001,5,kirim,50.00,UZS
H0000007,2026-02-05T23:00:00+05:00,NAM-01,NAM,P001,-1,sotuv,50.00,UZS
H0000008,2026-03-01T08:00:00+05:00,BUX-01,BUX,P001,20,kirim,50.00,UZS
H0000009,2026-03-05T23:00:00+05:00,BUX-01,BUX,P001,-4,sotuv,50.00,UZS
H0000010,2026-04-05T23:00:00+05:00,BUX-01,BUX,P001,-9,sotuv,50.00,UZS
