Qaytarish ID,Asl hujjat ID,Sana,Filial kodi,Mahsulot kodi,Mijoz kodi,Miqdor,Summa,QQS,Tannarx,Valyuta,Holat
Q000001,,2025-09-05T18:48:00+05:00,SAM,P064,M0480,2,855600.00,102672.00,693036.00,UZS,tasdiqlangan
Q000002,S0000168,2025-09-08T18:15:00+05:00,SAM,P032,M0223,10,1698000.00,203760.00,1273500.00,UZS,tasdiqlangan
Q000003,S0000212,2025-09-09T18:19:00+05:00,TOS,P050,M0086,1,777600.00,93312.00,583200.00,UZS,tasdiqlangan
Q000004,S0000239,2025-09-13T18:32:00+05:00,TOS,P139,M0067,2,409200.00,49104.00,298716.00,UZS,tasdiqlangan
Q000005,S0000396,2025-09-13T18:30:00+05:00,SAM,P064,M0566,1,427800.00,51336.00,346518.00,UZS,tasdiqlangan
Q000006,S0000094,2025-09-15T18:10:00+05:00,TOS,P115,M0340,2,720000.00,86400.00,511200.00,UZS,tasdiqlangan
Q000007,S0000095,2025-09-15T18:21:00+05:00,TOS,P040,M0340,2,3214800.00,385776.00,2907000.00,UZS,tasdiqlangan
Q000008,S0000220,2025-09-15T18:30:00+05:00,TOS,P009,M0173,2,520800.00,62496.00,432264.00,UZS,tasdiqlangan
Q000009,S0000316,2025-09-15T18:16:00+05:00,TOS,P095,M0172,1,4050000.00,486000.00,3078000.00,UZS,tasdiqlangan
Q000010,S0000359,2025-09-15T18:00:00+05:00,SAM,P055,M0131,1,900000.00,108000.00,711000.00,UZS,tasdiqlangan
Q000011,S0000314,2025-09-16T18:35:00+05:00,TOS,P010,M0172,2,1260000.00,151200.00,1058400.00,UZS,tasdiqlangan
Q000012,S0000727,2025-09-16T18:44:00+05:00,TOS,P093,M0034,2,1710000.00,205200.00,1402200.00,UZS,tasdiqlangan
Q000013,S0000046,2025-09-17T18:59:00+05:00,BUX,P140,M0418,1,495000.00,59400.00,386100.00,UZS,tasdiqlangan
Q000014,,2025-09-17T18:50:00+05:00,SAM,P086,M0383,3,210000.00,25200.00,161700.00,UZS,tasdiqlangan
Q000015,S0000399,2025-09-17T18:42:00+05:00,TOS,P102,M0333,5,342160.00,41059.20,262080.00,UZS,tasdiqlangan
Q000016,S0000418,2025-09-17T18:40:00+05:00,SAM,P046,M0743,27,486000.00,58320.00,359640.00,UZS,tasdiqlangan
Q000017,S0000045,2025-09-18T18:54:00+05:00,BUX,P126,M0418,24,768000.00,92160.00,568320.00,UZS,tasdiqlangan
Q000018,S0000139,2025-09-19T18:49:00+05:00,TOS,P062,M0045,1,109368.00,13124.16,89280.00,UZS,tasdiqlangan
Q000019,S0000162,2025-09-19T18:13:00+05:00,SAM,P116,M0117,13,549900.00,65988.00,438750.00,UZS,tasdiqlangan
Q000020,S0000602,2025-09-19T18:49:00+05:00,TOS,P121,M0800,27,513000.00,61560.00,364230.00,UZS,tasdiqlangan
Q000021,S0000684,2025-09-19T18:43:00+05:00,FAR,P027,M0069,6,342216.00,41065.92,293328.00,UZS,tasdiqlangan
Q000022,S0000733,2025-09-19T18:14:00+05:00,SAM,P045,M0569,1,135000.00,16200.00,109350.00,UZS,tasdiqlangan
Q000023,S0000920,2025-09-19T18:52:00+05:00,TOS,P008,M0281,4,484120.00,58094.40,372400.00,UZS,tasdiqlangan
Q000024,S0000199,2025-09-20T18:43:00+05:00,BUX,P134,M0394,1,291648.00,34997.76,235104.00,UZS,tasdiqlangan
Q000025,S0000221,2025-09-20T18:12:00+05:00,TOS,P030,M0173,1,486000.00,58320.00,421200.00,UZS,tasdiqlangan
Q000026,,2025-09-21T18:57:00+05:00,TOS,P098,M0769,2,570000.00,68400.00,444600.00,UZS,tasdiqlangan
Q000027,S0000614,2025-09-21T18:19:00+05:00,FAR,P027,M0665,2,116400.00,13968.00,97776.00,UZS,tasdiqlangan
Q000028,S0000718,2025-09-21T18:42:00+05:00,TOS,P094,M0115,1,1523340.00,182800.80,1222020.00,UZS,tasdiqlangan
Q000029,S0000296,2025-09-22T18:07:00+05:00,FAR,P037,M0551,9,1658700.00,199044.00,1360134.00,UZS,tasdiqlangan
Q000030,S0000677,2025-09-22T18:23:00+05:00,SAM,P141,M0714,11,44000.00,5280.00,33440.00,UZS,tasdiqlangan
Q000031,S0000834,2025-09-22T18:12:00+05:00,SAM,P070,M0793,1,2511000.00,301320.00,2025000.00,UZS,tasdiqlangan
Q000032,S0000306,2025-09-23T18:49:00+05:00,BUX,P069,M0628,1,1015560.00,121867.20,825840.00,UZS,tasdiqlangan
Q000033,S0000331,2025-09-24T18:13:00+05:00,BUX,P119,M0668,2,1674000.00,200880.00,1288980.00,UZS,tasdiqlangan
Q000034,S0000712,2025-09-24T18:02:00+05:00,FAR,P009,M0468,1,236964.00,28435.68,216132.00,UZS,tasdiqlangan
Q000035,S0001127,2025-09-25T18:17:00+05:00,FAR,P003,M0655,2,164160.00,19699.20,131670.00,UZS,tasdiqlangan
Q000036,S0001220,2025-09-25T18:38:00+05:00,SAM,P143,M0091,2,76000.00,9120.00,64600.00,UZS,tasdiqlangan
Q000037,S0001037,2025-09-26T18:06:00+05:00,FAR,P027,M0252,1,58200.00,6984.00,48888.00,UZS,tasdiqlangan
Q000038,S0001223,2025-09-26T18:47:00+05:00,TOS,P051,M0677,23,460000.00,55200.00,377200.00,UZS,tasdiqlangan
Q000039,S0000476,2025-09-27T18:26:00+05:00,FAR,P027,M0487,6,314280.00,37713.60,293328.00,UZS,tasdiqlangan
Q000040,S0000710,2025-09-28T18:54:00+05:00,FAR,P093,M0468,1,837900.00,100548.00,701100.00,UZS,tasdiqlangan
Q000041,S0000590,2025-09-29T18:24:00+05:00,TOS,P046,M0161,14,252000.00,30240.00,186480.00,UZS,tasdiqlangan
Q000042,S0000699,2025-09-29T18:38:00+05:00,SAM,P041,M0519,43,129000.00,15480.00,108360.00,UZS,tasdiqlangan
Q000043,S0000826,2025-09-29T18:09:00+05:00,TOS,P080,M0804,1,287.25,34.47,214.68,USD,tasdiqlangan
Q000044,S0000975,2025-09-29T18:40:00+05:00,FAR,P087,M0261,9,3055500.00,366660.00,2536065.00,UZS,tasdiqlangan
Q000045,S0000541,2025-09-30T18:08:00+05:00,BUX,P103,M0632,1,142500.00,17100.00,106875.00,UZS,tasdiqlangan
Q000046,S0000939,2025-09-30T18:14:00+05:00,TOS,P044,M0444,1,51894.00,6227.28,46314.00,UZS,tasdiqlangan
Q000047,,2025-09-30T18:36:00+05:00,TOS,P048,M0754,1,171000.00,20520.00,124830.00,UZS,tasdiqlangan
Q000048,S0000542,2025-10-01T18:39:00+05:00,BUX,P067,M0632,1,291000.00,34920.00,209520.00,UZS,tasdiqlangan
Q000049,S0000609,2025-10-01T18:27:00+05:00,TOS,P136,M0101,7,77000.00,9240.00,53900.00,UZS,tasdiqlangan
Q000050,S0000656,2025-10-01T18:42:00+05:00,BUX,P104,M0719,2,558000.00,66960.00,474300.00,UZS,tasdiqlangan
Q000051,S0000780,2025-10-01T18:51:00+05:00,BUX,P023,M0511,2,494000.00,59280.00,350740.00,UZS,tasdiqlangan
Q000052,S0001399,2025-10-01T18:48:00+05:00,SAM,P064,M0272,2,855600.00,102672.00,693036.00,UZS,tasdiqlangan
Q000053,S0001206,2025-10-02T18:17:00+05:00,BUX,P072,M0318,1,460800.00,55296.00,350208.00,UZS,tasdiqlangan
Q000054,S0001410,2025-10-02T18:39:00+05:00,SAM,P072,M0183,3,1257984.00,150958.08,1050624.00,UZS,tasdiqlangan
Q000055,S0001444,2025-10-02T18:55:00+05:00,SAM,P010,M0063,1,630000.00,75600.00,529200.00,UZS,tasdiqlangan
Q000056,S0001036,2025-10-03T18:02:00+05:00,SAM,P055,M0091,2,1674000.00,200880.00,1422000.00,UZS,tasdiqlangan
Q000057,,2025-10-04T18:20:00+05:00,TOS,P086,M0201,5,339500.00,40740.00,269500.00,UZS,tasdiqlangan
Q000058,S0001381,2025-10-04T18:18:00+05:00,TOS,P121,M0406,17,316540.00,37984.80,229330.00,UZS,tasdiqlangan
Q000059,S0001483,2025-10-04T18:37:00+05:00,BUX,P148,M0693,1,123500.00,14820.00,96330.00,UZS,tasdiqlangan
Q000060,S0001393,2025-10-05T18:24:00+05:00,SAM,P093,M0740,4,3180600.00,381672.00,2804400.00,UZS,tasdiqlangan
Q000061,S0001565,2025-10-05T18:05:00+05:00,TOS,P036,M0485,9,344700.00,41364.00,244737.00,UZS,tasdiqlangan
Q000062,S0001482,2025-10-06T18:22:00+05:00,BUX,P086,M0693,20,1400000.00,168000.00,1078000.00,UZS,tasdiqlangan
Q000063,S0001029,2025-10-07T18:11:00+05:00,SAM,P085,M0440,2,10800000.00,1296000.00,7992000.00,UZS,tasdiqlangan
Q000064,S0001779,2025-10-07T18:16:00+05:00,FAR,P115,M0008,1,362900.00,43548.00,257659.00,UZS,tasdiqlangan
Q000065,S0001105,2025-10-08T18:10:00+05:00,BUX,P067,M0735,1,282270.00,33872.40,209520.00,UZS,tasdiqlangan
Q000066,S0001205,2025-10-08T18:01:00+05:00,BUX,P110,M0318,1,765000.00,91800.00,634950.00,UZS,tasdiqlangan
Q000067,,2025-10-09T18:32:00+05:00,FAR,P074,M0079,1,1731660.00,207799.20,1484280.00,UZS,tasdiqlangan
Q000068,S0001459,2025-10-09T18:17:00+05:00,SAM,P053,M0065,1,190000.00,22800.00,138700.00,UZS,tasdiqlangan
Q000069,S0001834,2025-10-09T18:14:00+05:00,TOS,P137,M0539,4,195832.00,23499.84,157096.00,UZS,tasdiqlangan
Q000070,S0001840,2025-10-09T18:01:00+05:00,SAM,P137,M0042,10,538000.00,64560.00,392740.00,UZS,tasdiqlangan
Q000071,S0001460,2025-10-10T18:50:00+05:00,TOS,P129,M0057,2,1190400.00,142848.00,999936.00,UZS,tasdiqlangan
Q000072,S0001808,2025-10-10T18:42:00+05:00,SAM,P115,M0595,1,362900.00,43548.00,257659.00,UZS,tasdiqlangan
Q000073,S0001590,2025-10-11T18:44:00+05:00,SAM,P141,M0135,39,156000.00,18720.00,118560.00,UZS,tasdiqlangan
Q000074,S0001782,2025-10-11T18:59:00+05:00,FAR,P002,M0080,1,44000.00,5280.00,34320.00,UZS,tasdiqlangan
Q000075,S0001921,2025-10-11T18:14:00+05:00,FAR,P091,M0795,34,3083800.00,370056.00,2590392.00,UZS,qoralama
Q000076,S0001330,2025-10-12T18:38:00+05:00,SAM,P090,M0566,2,6048000.00,725760.00,5229000.00,UZS,tasdiqlangan
Q000077,S0001649,2025-10-12T18:09:00+05:00,SAM,P102,M0513,5,366500.00,43980.00,263880.00,UZS,tasdiqlangan
Q000078,S0002077,2025-10-12T18:04:00+05:00,BUX,P040,M0275,1,1723700.00,206844.00,1465145.00,UZS,qoralama
Q000079,S0001427,2025-10-13T18:02:00+05:00,TOS,P044,M0100,2,111600.00,13392.00,92628.00,UZS,tasdiqlangan
Q000080,S0002019,2025-10-14T18:15:00+05:00,TOS,P079,M0535,1,1593600.00,191232.00,1115520.00,UZS,tasdiqlangan
Q000081,S0001806,2025-10-16T18:10:00+05:00,FAR,P136,M0680,11,117216.00,14065.92,85470.00,UZS,tasdiqlangan
Q000082,S0001908,2025-10-16T18:46:00+05:00,BUX,P031,M0402,28,968632.00,116235.84,741300.00,UZS,tasdiqlangan
Q000083,S0001759,2025-10-17T18:24:00+05:00,TOS,P044,M0466,1,52828.00,6339.36,46646.00,UZS,tasdiqlangan
Q000084,S0002423,2025-10-18T18:16:00+05:00,TOS,P026,M0108,12,135036.00,16204.32,119064.00,UZS,tasdiqlangan
Q000085,S0001856,2025-10-19T18:51:00+05:00,TOS,P067,M0646,7,2053100.00,246372.00,1478232.00,UZS,tasdiqlangan
Q000086,S0002063,2025-10-19T18:23:00+05:00,FAR,P012,M0338,7,715540.00,85864.80,625156.00,UZS,tasdiqlangan
Q000087,,2025-10-19T18:13:00+05:00,FAR,P096,M0373,15,448470.00,53816.40,380520.00,UZS,tasdiqlangan
Q000088,S0002336,2025-10-19T18:21:00+05:00,SAM,P104,M0063,1,281200.00,33744.00,239020.00,UZS,tasdiqlangan
Q000089,S0001664,2025-10-21T18:22:00+05:00,BUX,P060,M0082,1,924022.00,110882.64,704924.00,UZS,tasdiqlangan
Q000090,S0001881,2025-10-21T18:41:00+05:00,BUX,P058,M0445,4,756136.00,90736.32,603300.00,UZS,qoralama
Q000091,S0001951,2025-10-21T18:01:00+05:00,SAM,P056,M0214,1,21200.00,2544.00,15900.00,UZS,tasdiqlangan
Q000092,S0002057,2025-10-21T18:21:00+05:00,TOS,P083,M0672,1,1034190.00,124102.80,884807.00,UZS,tasdiqlangan
Q000093,S0002471,2025-10-23T18:19:00+05:00,FAR,P056,M0218,20,385840.00,46300.80,318000.00,UZS,tasdiqlangan
Q000094,S0002372,2025-10-24T18:46:00+05:00,BUX,P071,M0265,18,1724400.00,206928.00,1431252.00,UZS,tasdiqlangan
Q000095,S0002438,2025-10-24T18:05:00+05:00,SAM,P089,M0461,1,1312400.00,157488.00,1089292.00,UZS,tasdiqlangan
Q000096,S0002633,2025-10-24T18:17:00+05:00,SAM,P033,M0727,4,1340800.00,160896.00,1099456.00,UZS,tasdiqlangan
Q000097,S0002654,2025-10-24T18:42:00+05:00,FAR,P055,M0515,2,1651104.00,198132.48,1433376.00,UZS,tasdiqlangan
Q000098,S0002409,2025-10-25T18:41:00+05:00,BUX,P051,M0719,11,199980.00,23997.60,182204.00,UZS,tasdiqlangan
Q000099,S0002468,2025-10-25T18:25:00+05:00,SAM,P115,M0527,1,355642.00,42677.04,257659.00,UZS,tasdiqlangan
Q000100,S0002607,2025-10-25T18:59:00+05:00,SAM,P038,M0553,1,363900.00,43668.00,262008.00,UZS,tasdiqlangan
Q000101,S0001952,2025-10-26T18:34:00+05:00,SAM,P103,M0214,3,430800.00,51696.00,323100.00,UZS,tasdiqlangan
Q000102,S0001986,2025-10-26T18:33:00+05:00,TOS,P017,M0647,2,234600.00,28152.00,190026.00,UZS,tasdiqlangan
Q000103,S0002039,2025-10-27T18:50:00+05:00,TOS,P104,M0062,2,562400.00,67488.00,478040.00,UZS,tasdiqlangan
Q000104,S0002577,2025-10-27T18:36:00+05:00,TOS,P093,M0460,4,3447200.00,413664.00,2826704.00,UZS,tasdiqlangan
Q000105,S0002257,2025-10-28T18:10:00+05:00,SAM,P075,M0071,1,3878280.00,465393.60,3145716.00,UZS,tasdiqlangan
Q000106,,2025-10-28T18:47:00+05:00,BUX,P083,M0334,2,2298200.00,275784.00,1769614.00,UZS,tasdiqlangan
Q000107,S0002541,2025-10-28T18:25:00+05:00,SAM,P055,M0518,1,907200.00,108864.00,716688.00,UZS,tasdiqlangan
Q000108,S0002855,2025-10-28T18:09:00+05:00,FAR,P037,M0326,6,1103652.00,132438.24,914136.00,UZS,tasdiqlangan
Q000109,S0002095,2025-10-29T18:58:00+05:00,FAR,P140,M0703,1,499000.00,59880.00,389220.00,UZS,tasdiqlangan
Q000110,S0002226,2025-10-30T18:43:00+05:00,TOS,P049,M0215,2,675000.00,81000.00,506250.00,UZS,tasdiqlangan
Q000111,S0002169,2025-10-31T18:04:00+05:00,SAM,P110,M0228,2,1542200.00,185064.00,1280026.00,UZS,tasdiqlangan
Q000112,S0002271,2025-10-31T18:52:00+05:00,SAM,P076,M0272,25,2142500.00,257100.00,1649725.00,UZS,tasdiqlangan
Q000113,S0003067,2025-10-31T18:31:00+05:00,SAM,P127,M0541,2,297160.00,35659.20,262752.00,UZS,qoralama
Q000114,S0002242,2025-11-01T18:56:00+05:00,BUX,P119,M0388,1,776204.00,93144.48,649649.00,UZS,tasdiqlangan
Q000115,S0002406,2025-11-01T18:55:00+05:00,TOS,P026,M0672,60,653400.00,78408.00,595320.00,UZS,tasdiqlangan
Q000116,S0002769,2025-11-01T18:04:00+05:00,TOS,P068,M0154,1,574600.00,68952.00,413712.00,UZS,tasdiqlangan
Q000117,S0003083,2025-11-01T18:38:00+05:00,TOS,P108,M0592,2,296296.00,35555.52,266992.00,UZS,tasdiqlangan
Q000118,S0002299,2025-11-02T18:57:00+05:00,TOS,P089,M0212,1,1220532.00,146463.84,1089292.00,UZS,qoralama
Q000119,S0002440,2025-11-02T18:06:00+05:00,SAM,P122,M0461,4,371600.00,44592.00,308428.00,UZS,tasdiqlangan
Q000120,S0002534,2025-11-02T18:54:00+05:00,BUX,P119,M0144,2,1687400.00,202488.00,1299298.00,UZS,tasdiqlangan
Q000121,S0003094,2025-11-02T18:40:00+05:00,FAR,P070,M0373,1,2694384.00,323326.08,2041200.00,UZS,tasdiqlangan
Q000122,S0002275,2025-11-03T18:17:00+05:00,BUX,P133,M0588,3,445812.00,53497.44,353892.00,UZS,tasdiqlangan
Q000123,,2025-11-03T18:11:00+05:00,FAR,P028,M0409,4,459600.00,55152.00,344700.00,UZS,qoralama
Q000124,S0003092,2025-11-03T18:32:00+05:00,TOS,P110,M0336,1,755678.00,90681.36,640013.00,UZS,tasdiqlangan
Q000125,,2025-11-03T18:54:00+05:00,SAM,P138,M0111,1,106200.00,12744.00,82836.00,UZS,tasdiqlangan
Q000126,S0002448,2025-11-04T18:40:00+05:00,SAM,P021,M0203,5,124450.00,14934.00,103490.00,UZS,tasdiqlangan
Q000127,S0002493,2025-11-04T18:39:00+05:00,BUX,P108,M0023,3,473748.00,56849.76,400488.00,UZS,tasdiqlangan
Q000128,S0002898,2025-11-06T18:33:00+05:00,FAR,P127,M0374,2,312800.00,37536.00,262752.00,UZS,tasdiqlangan
Q000129,S0003386,2025-11-06T18:21:00+05:00,TOS,P133,M0188,1,138960.00,16675.20,118888.00,UZS,tasdiqlangan
Q000130,S0003240,2025-11-07T18:07:00+05:00,SAM,P053,M0525,1,193000.00,23160.00,140890.00,UZS,tasdiqlangan
Q000131,S0003512,2025-11-07T18:22:00+05:00,TOS,P126,M0658,10,325000.00,39000.00,240500.00,UZS,tasdiqlangan
Q000132,S0002951,2025-11-08T18:23:00+05:00,BUX,P119,M0792,1,759330.00,91119.60,649649.00,UZS,tasdiqlangan
Q000133,S0003193,2025-11-08T18:00:00+05:00,TOS,P036,M0186,8,275760.00,33091.20,217544.00,UZS,tasdiqlangan
Q000134,S0002813,2025-11-09T18:24:00+05:00,BUX,P058,M0501,3,603300.00,72396.00,452475.00,UZS,tasdiqlangan
Q000135,S0003115,2025-11-09T18:37:00+05:00,BUX,P059,M0298,3,1181100.00,141732.00,933069.00,UZS,tasdiqlangan
Q000136,S0003587,2025-11-11T18:49:00+05:00,TOS,P083,M0631,2,2316400.00,277968.00,1783628.00,UZS,tasdiqlangan
Q000137,S0003054,2025-11-12T18:44:00+05:00,FAR,P122,M0051,3,278700.00,33444.00,231321.00,UZS,tasdiqlangan
Q000138,S0003151,2025-11-12T18:31:00+05:00,TOS,P131,M0345,9,144900.00,17388.00,113022.00,UZS,tasdiqlangan
Q000139,S0003249,2025-11-13T18:17:00+05:00,FAR,P062,M0315,3,326304.00,39156.48,271920.00,UZS,tasdiqlangan
Q000140,S0002973,2025-11-14T18:27:00+05:00,SAM,P064,M0576,1,405328.00,48639.36,349272.00,UZS,tasdiqlangan
Q000141,S0003735,2025-11-14T18:11:00+05:00,SAM,P091,M0541,16,1360032.00,163203.84,1228416.00,UZS,tasdiqlangan
Q000142,S0003049,2025-11-15T18:15:00+05:00,FAR,P134,M0426,2,600000.00,72000.00,474000.00,UZS,tasdiqlangan
Q000143,,2025-11-15T18:37:00+05:00,FAR,P093,M0103,2,1737400.00,208488.00,1424668.00,UZS,tasdiqlangan
Q000144,S0003701,2025-11-15T18:53:00+05:00,TOS,P018,M0241,1,231600.00,27792.00,180648.00,UZS,tasdiqlangan
Q000145,S0003183,2025-11-16T18:24:00+05:00,TOS,P069,M0744,1,1124900.00,134988.00,832426.00,UZS,tasdiqlangan
Q000146,S0003722,2025-11-16T18:40:00+05:00,SAM,P137,M0480,4,212464.00,25495.68,158264.00,UZS,tasdiqlangan
Q000147,S0003909,2025-11-16T18:52:00+05:00,FAR,P123,M0381,1,176064.00,21127.68,143052.00,UZS,tasdiqlangan
Q000148,,2025-11-17T18:48:00+05:00,BUX,P061,M0693,26,577980.00,69357.60,456300.00,UZS,tasdiqlangan
Q000149,S0003709,2025-11-17T18:00:00+05:00,SAM,P071,M0392,5,482500.00,57900.00,400475.00,UZS,tasdiqlangan
Q000150,S0003153,2025-11-18T18:18:00+05:00,TOS,P010,M0345,1,635000.00,76200.00,533400.00,UZS,tasdiqlangan
Q000151,S0003867,2025-11-18T18:47:00+05:00,TOS,P132,M0808,7,43.61,5.23,35.35,USD,tasdiqlangan
Q000152,S0003556,2025-11-20T18:39:00+05:00,TOS,P072,M0631,1,444695.00,53363.40,355756.00,UZS,tasdiqlangan
Q000153,S0003609,2025-11-20T18:11:00+05:00,SAM,P055,M0493,2,1810512.00,217261.44,1444752.00,UZS,tasdiqlangan
Q000154,S0003864,2025-11-20T18:51:00+05:00,TOS,P106,M0808,24,32.88,3.95,23.28,USD,tasdiqlangan
Q000155,S0003989,2025-11-20T18:10:00+05:00,TOS,P032,M0804,2,24.55,2.95,20.46,USD,qoralama
Q000156,S0003307,2025-11-21T18:05:00+05:00,SAM,P119,M0614,1,799376.00,95925.12,654808.00,UZS,tasdiqlangan
Q000157,S0003581,2025-11-21T18:04:00+05:00,TOS,P117,M0416,6,1250388.00,150046.56,957744.00,UZS,tasdiqlangan
Q000158,S0003754,2025-11-21T18:23:00+05:00,TOS,P035,M0163,2,3200400.00,384048.00,2272284.00,UZS,tasdiqlangan
Q000159,S0004108,2025-11-21T18:26:00+05:00,SAM,P043,M0168,1,29000.00,3480.00,22330.00,UZS,tasdiqlangan
Q000160,S0003839,2025-11-22T18:38:00+05:00,SAM,P119,M0685,1,850400.00,102048.00,654808.00,UZS,tasdiqlangan
Q000161,S0003948,2025-11-22T18:16:00+05:00,BUX,P069,M0758,1,1133900.00,136068.00,839086.00,UZS,tasdiqlangan
Q000162,,2025-11-22T18:45:00+05:00,TOS,P034,M0259,1,661400.00,79368.00,509278.00,UZS,tasdiqlangan
Q000163,S0004158,2025-11-22T18:55:00+05:00,BUX,P007,M0243,5,345000.00,41400.00,262200.00,UZS,tasdiqlangan
Q000164,S0003438,2025-11-23T18:07:00+05:00,SAM,P041,M0798,28,84000.00,10080.00,70560.00,UZS,tasdiqlangan
Q000165,S0003782,2025-11-23T18:47:00+05:00,SAM,P110,M0375,1,777200.00,93264.00,645076.00,UZS,tasdiqlangan
Q000166,S0004289,2025-11-23T18:12:00+05:00,FAR,P062,M0401,5,532510.00,63901.20,453200.00,UZS,tasdiqlangan
Q000167,S0004085,2025-11-24T18:51:00+05:00,SAM,P144,M0763,2,151200.00,18144.00,107352.00,UZS,tasdiqlangan
Q000168,S0004127,2025-11-24T18:16:00+05:00,BUX,P049,M0082,1,340200.00,40824.00,255150.00,UZS,tasdiqlangan
Q000169,S0004304,2025-11-24T18:01:00+05:00,SAM,P044,M0249,1,56133.00,6735.96,47061.00,UZS,tasdiqlangan
Q000170,S0004385,2025-11-24T18:20:00+05:00,SAM,P008,M0513,1,135100.00,16212.00,94570.00,UZS,tasdiqlangan
Q000171,S0004392,2025-11-24T18:28:00+05:00,BUX,P097,M0648,3,438966.00,52675.92,368022.00,UZS,tasdiqlangan
Q000172,S0003580,2025-11-26T18:56:00+05:00,TOS,P073,M0473,3,2503137.00,300376.44,2255574.00,UZS,tasdiqlangan
Q000173,S0004233,2025-11-26T18:18:00+05:00,FAR,P017,M0381,1,106470.00,12776.40,95823.00,UZS,tasdiqlangan
Q000174,S0004284,2025-11-26T18:51:00+05:00,TOS,P104,M0464,1,283500.00,34020.00,240975.00,UZS,tasdiqlangan
Q000175,S0004444,2025-11-26T18:55:00+05:00,TOS,P064,M0711,3,1303800.00,156456.00,1056078.00,UZS,tasdiqlangan
Q000176,S0004485,2025-11-26T18:16:00+05:00,FAR,P019,M0752,1,435360.00,52243.20,380940.00,UZS,tasdiqlangan
Q000177,S0003669,2025-11-27T18:48:00+05:00,TOS,P032,M0658,3,517500.00,62100.00,388125.00,UZS,tasdiqlangan
Q000178,S0003726,2025-11-27T18:37:00+05:00,FAR,P054,M0617,1,378000.00,45360.00,302400.00,UZS,tasdiqlangan
Q000179,,2025-11-27T18:24:00+05:00,SAM,P039,M0206,2,1436200.00,172344.00,1148960.00,UZS,qoralama
Q000180,S0003796,2025-11-28T18:54:00+05:00,BUX,P115,M0588,2,731600.00,87792.00,519436.00,UZS,tasdiqlangan
Q000181,S0003886,2025-11-28T18:40:00+05:00,SAM,P086,M0462,8,568800.00,68256.00,437976.00,UZS,tasdiqlangan
Q000182,S0004314,2025-11-28T18:58:00+05:00,FAR,P022,M0109,6,768600.00,92232.00,584136.00,UZS,tasdiqlangan
Q000183,S0003785,2025-11-30T18:30:00+05:00,SAM,P120,M0457,1,2057400.00,246888.00,1501902.00,UZS,qoralama
Q000184,S0004347,2025-11-30T18:44:00+05:00,BUX,P117,M0484,1,219483.00,26337.96,159624.00,UZS,tasdiqlangan
Q000185,S0004525,2025-12-02T18:24:00+05:00,TOS,P073,M0336,5,4492810.00,539137.20,3759290.00,UZS,qoralama
Q000186,S0004889,2025-12-02T18:59:00+05:00,SAM,P133,M0003,1,155600.00,18672.00,119812.00,UZS,tasdiqlangan
Q000187,,2025-12-03T18:12:00+05:00,SAM,P049,M0579,3,1020600.00,122472.00,765450.00,UZS,tasdiqlangan
Q000188,S0004769,2025-12-03T18:50:00+05:00,SAM,P117,M0206,1,221700.00,26604.00,159624.00,UZS,tasdiqlangan
Q000189,S0004112,2025-12-04T18:00:00+05:00,BUX,P036,M0400,1,38600.00,4632.00,27406.00,UZS,tasdiqlangan
Q000190,S0004860,2025-12-04T18:09:00+05:00,BUX,P017,M0491,2,236600.00,28392.00,191646.00,UZS,tasdiqlangan
Q000191,S0004014,2025-12-05T18:20:00+05:00,FAR,P100,M0140,1,1371600.00,164592.00,1152144.00,UZS,tasdiqlangan
Q000192,S0004469,2025-12-05T18:25:00+05:00,TOS,P018,M0124,1,231600.00,27792.00,180648.00,UZS,tasdiqlangan
Q000193,S0004595,2025-12-05T18:48:00+05:00,BUX,P133,M0484,3,463200.00,55584.00,356664.00,UZS,tasdiqlangan
Q000194,S0004846,2025-12-05T18:41:00+05:00,TOS,P142,M0673,10,197000.00,23640.00,149720.00,UZS,tasdiqlangan
Q000195,S0004083,2025-12-06T18:48:00+05:00,TOS,P099,M0100,2,1133800.00,136056.00,873026.00,UZS,tasdiqlangan
Q000196,,2025-12-06T18:23:00+05:00,TOS,P040,M0586,1,1737400.00,208488.00,1476790.00,UZS,tasdiqlangan
Q000197,S0004587,2025-12-06T18:04:00+05:00,SAM,P060,M0205,2,1920200.00,230424.00,1420948.00,UZS,tasdiqlangan
Q000198,S0005035,2025-12-06T18:04:00+05:00,SAM,P141,M0440,10,41000.00,4920.00,31160.00,UZS,tasdiqlangan
Q000199,S0004697,2025-12-07T18:25:00+05:00,TOS,P015,M0057,1,1005800.00,120696.00,734234.00,UZS,tasdiqlangan
Q000200,,2025-12-07T18:04:00+05:00,SAM,P012,M0383,2,218600.00,26232.00,181438.00,UZS,tasdiqlangan
Q000201,,2025-12-08T18:58:00+05:00,TOS,P056,M0048,12,235152.00,28218.24,191700.00,UZS,tasdiqlangan
Q000202,S0005151,2025-12-08T18:24:00+05:00,BUX,P138,M0720,1,96300.00,11556.00,83460.00,UZS,tasdiqlangan
Q000203,S0004650,2025-12-09T18:53:00+05:00,BUX,P095,M0449,1,4032504.00,483900.48,3127248.00,UZS,tasdiqlangan
Q000204,,2025-12-09T18:29:00+05:00,TOS,P138,M0681,3,318600.00,38232.00,248508.00,UZS,tasdiqlangan
Q000205,S0004763,2025-12-09T18:37:00+05:00,SAM,P096,M0223,21,621285.00,74554.20,538020.00,UZS,tasdiqlangan
Q000206,S0005257,2025-12-09T18:21:00+05:00,TOS,P028,M0755,1,116700.00,14004.00,87525.00,UZS,tasdiqlangan
Q000207,S0005003,2025-12-10T18:16:00+05:00,SAM,P121,M0759,41,799500.00,95940.00,567645.00,UZS,tasdiqlangan
Q000208,S0005037,2025-12-11T18:55:00+05:00,SAM,P090,M0152,1,2903040.00,348364.80,2677248.00,UZS,tasdiqlangan
Q000209,S0004412,2025-12-12T18:42:00+05:00,TOS,P056,M0651,8,170400.00,20448.00,127800.00,UZS,tasdiqlangan
Q000210,S0005031,2025-12-12T18:21:00+05:00,TOS,P027,M0671,3,162708.00,19524.96,150192.00,UZS,tasdiqlangan
Q000211,S0004699,2025-12-13T18:06:00+05:00,FAR,P136,M0008,6,67200.00,8064.00,47040.00,UZS,tasdiqlangan
Q000212,S0005110,2025-12-13T18:04:00+05:00,SAM,P106,M0013,41,656328.00,78759.36,506514.00,UZS,tasdiqlangan
Q000213,S0005574,2025-12-13T18:35:00+05:00,FAR,P007,M0140,6,417000.00,50040.00,316920.00,UZS,tasdiqlangan
Q000214,S0004806,2025-12-14T18:48:00+05:00,SAM,P055,M0793,1,850392.00,102047.04,722376.00,UZS,tasdiqlangan
Q000215,S0005074,2025-12-14T18:18:00+05:00,TOS,P030,M0292,1,503230.00,60387.60,431340.00,UZS,tasdiqlangan
Q000216,S0005435,2025-12-14T18:26:00+05:00,TOS,P032,M0581,1,159896.00,19187.52,130350.00,UZS,tasdiqlangan
Q000217,S0005690,2025-12-14T18:06:00+05:00,TOS,P055,M0520,1,847872.00,101744.64,728064.00,UZS,tasdiqlangan
Q000218,,2025-12-15T18:14:00+05:00,BUX,P105,M0097,1,691200.00,82944.00,525312.00,UZS,tasdiqlangan
Q000219,S0005236,2025-12-15T18:48:00+05:00,TOS,P087,M0191,10,3232680.00,387921.60,2885080.00,UZS,tasdiqlangan
Q000220,S0005305,2025-12-15T18:18:00+05:00,FAR,P085,M0355,1,5419008.00,650280.96,4091904.00,UZS,tasdiqlangan
Q000221,S0005399,2025-12-15T18:36:00+05:00,BUX,P028,M0394,4,466800.00,56016.00,350100.00,UZS,tasdiqlangan
Q000222,S0005591,2025-12-15T18:48:00+05:00,TOS,P036,M0387,10,377330.00,45279.60,276190.00,UZS,tasdiqlangan
Q000223,S0004818,2025-12-16T18:07:00+05:00,TOS,P143,M0406,3,115800.00,13896.00,98430.00,UZS,tasdiqlangan
Q000224,S0005529,2025-12-16T18:53:00+05:00,FAR,P050,M0374,1,829400.00,99528.00,597168.00,UZS,tasdiqlangan
Q000225,S0005716,2025-12-16T18:09:00+05:00,TOS,P036,M0411,27,1050300.00,126036.00,745713.00,UZS,tasdiqlangan
Q000226,S0005349,2025-12-17T18:00:00+05:00,TOS,P038,M0363,6,2218200.00,266184.00,1597104.00,UZS,tasdiqlangan
Q000227,S0005581,2025-12-17T18:21:00+05:00,BUX,P057,M0298,1,104300.00,12516.00,73010.00,UZS,tasdiqlangan
Q000228,S0004758,2025-12-18T18:20:00+05:00,FAR,P047,M0515,1,88700.00,10644.00,63864.00,UZS,tasdiqlangan
Q000229,S0004932,2025-12-18T18:34:00+05:00,BUX,P130,M0097,1,1474600.00,176952.00,1061712.00,UZS,tasdiqlangan
Q000230,S0004952,2025-12-18T18:27:00+05:00,SAM,P084,M0383,1,2079896.00,249587.52,1942760.00,UZS,tasdiqlangan
Q000231,S0005251,2025-12-18T18:51:00+05:00,SAM,P128,M0042,2,622600.00,74712.00,448272.00,UZS,tasdiqlangan
Q000232,S0005141,2025-12-19T18:58:00+05:00,FAR,P042,M0622,1,14006.00,1680.72,11622.00,UZS,tasdiqlangan
Q000233,S0005344,2025-12-19T18:31:00+05:00,TOS,P123,M0170,3,504504.00,60540.48,432432.00,UZS,tasdiqlangan
Q000234,S0006009,2025-12-19T18:57:00+05:00,TOS,P071,M0661,12,1085868.00,130304.16,969108.00,UZS,tasdiqlangan
Q000235,S0005943,2025-12-20T18:49:00+05:00,TOS,P104,M0803,3,63.00,7.56,57.57,USD,tasdiqlangan
Q000236,S0006123,2025-12-20T18:13:00+05:00,BUX,P103,M0758,2,291800.00,35016.00,218850.00,UZS,tasdiqlangan
Q000237,S0004916,2025-12-21T18:26:00+05:00,FAR,P046,M0426,30,546480.00,65577.60,408480.00,UZS,tasdiqlangan
Q000238,S0005489,2025-12-21T18:49:00+05:00,FAR,P050,M0451,1,821106.00,98532.72,597168.00,UZS,tasdiqlangan
Q000239,,2025-12-21T18:36:00+05:00,TOS,P129,M0055,2,1219000.00,146280.00,1023960.00,UZS,tasdiqlangan
Q000240,S0005687,2025-12-21T18:44:00+05:00,TOS,P102,M0805,2,11.78,1.41,8.48,USD,tasdiqlangan
Q000241,S0005996,2025-12-23T18:58:00+05:00,BUX,P072,M0421,2,943600.00,113232.00,717136.00,UZS,tasdiqlangan
Q000242,S0006025,2025-12-23T18:15:00+05:00,TOS,P117,M0526,7,1517565.00,182107.80,1126440.00,UZS,tasdiqlangan
Q000243,S0005439,2025-12-24T18:26:00+05:00,SAM,P090,M0091,2,6451200.00,774144.00,5354496.00,UZS,tasdiqlangan
Q000244,S0006245,2025-12-24T18:43:00+05:00,SAM,P117,M0584,1,223500.00,26820.00,160920.00,UZS,tasdiqlangan
Q000245,S0005235,2025-12-25T18:24:00+05:00,TOS,P038,M0191,5,1774560.00,212947.20,1330920.00,UZS,tasdiqlangan
Q000246,S0005283,2025-12-25T18:46:00+05:00,SAM,P119,M0726,1,857100.00,102852.00,659967.00,UZS,tasdiqlangan
Q000247,S0005422,2025-12-25T18:13:00+05:00,SAM,P131,M0569,20,328000.00,39360.00,255840.00,UZS,tasdiqlangan
Q000248,S0005571,2025-12-25T18:49:00+05:00,SAM,P105,M0724,1,691200.00,82944.00,525312.00,UZS,tasdiqlangan
Q000249,S0006458,2025-12-25T18:11:00+05:00,TOS,P080,M0070,2,7128576.00,855429.12,5561856.00,UZS,tasdiqlangan
Q000250,S0005285,2025-12-26T18:53:00+05:00,SAM,P090,M0102,1,3064320.00,367718.40,2677248.00,UZS,tasdiqlangan
Q000251,S0005871,2025-12-28T18:28:00+05:00,BUX,P040,M0342,1,1751000.00,210120.00,1488350.00,UZS,tasdiqlangan
Q000252,S0006346,2025-12-28T18:05:00+05:00,TOS,P062,M0594,9,1027800.00,123336.00,822240.00,UZS,tasdiqlangan
Q000253,S0005694,2025-12-29T18:01:00+05:00,TOS,P104,M0520,1,285700.00,34284.00,242845.00,UZS,tasdiqlangan
Q000254,S0005931,2025-12-29T18:50:00+05:00,TOS,P067,M0070,1,298000.00,35760.00,214560.00,UZS,tasdiqlangan
Q000255,,2025-12-30T18:09:00+05:00,FAR,P028,M0505,4,466800.00,56016.00,350100.00,UZS,tasdiqlangan
Q000256,S0005915,2025-12-30T18:12:00+05:00,TOS,P014,M0601,1,419000.00,50280.00,318440.00,UZS,qoralama
Q000257,S0006006,2025-12-31T18:01:00+05:00,SAM,P008,M0246,1,126666.00,15199.92,95340.00,UZS,tasdiqlangan
Q000258,S0006263,2025-12-31T18:57:00+05:00,TOS,P071,M0741,2,194600.00,23352.00,161518.00,UZS,tasdiqlangan
Q000259,,2025-12-31T18:00:00+05:00,TOS,P045,M0800,1,131290.00,15754.80,111942.00,UZS,tasdiqlangan
Q000260,S0005900,2026-01-01T18:20:00+05:00,FAR,P110,M0514,2,1504128.00,180495.36,1300444.00,UZS,tasdiqlangan
Q000261,S0006549,2026-01-01T18:18:00+05:00,TOS,P063,M0027,4,894800.00,107376.00,626360.00,UZS,qoralama
Q000262,S0006660,2026-01-01T18:07:00+05:00,TOS,P018,M0507,3,700500.00,84060.00,546390.00,UZS,tasdiqlangan
Q000263,S0005937,2026-01-02T18:05:00+05:00,BUX,P083,M0167,2,2334800.00,280176.00,1797796.00,UZS,tasdiqlangan
Q000264,,2026-01-06T18:06:00+05:00,SAM,P115,M0178,1,368600.00,44232.00,261706.00,UZS,tasdiqlangan
Q000265,S0006718,2026-01-06T18:41:00+05:00,FAR,P027,M0175,5,298000.00,35760.00,250320.00,UZS,tasdiqlangan
Q000266,,2026-01-06T18:47:00+05:00,FAR,P074,M0262,1,1641150.00,196938.00,1531740.00,UZS,tasdiqlangan
Q000267,S0006164,2026-01-07T18:11:00+05:00,FAR,P068,M0528,2,1167400.00,140088.00,840528.00,UZS,tasdiqlangan
Q000268,S0006205,2026-01-07T18:55:00+05:00,SAM,P115,M0579,1,357542.00,42905.04,261706.00,UZS,tasdiqlangan
Q000269,S0006401,2026-01-07T18:04:00+05:00,BUX,P108,M0549,3,496200.00,59544.00,406884.00,UZS,tasdiqlangan
Q000270,S0006568,2026-01-07T18:08:00+05:00,SAM,P122,M0576,5,462560.00,55507.20,391760.00,UZS,tasdiqlangan
Q000271,,2026-01-07T18:17:00+05:00,TOS,P103,M0241,1,145900.00,17508.00,109425.00,UZS,tasdiqlangan
Q000272,S0006773,2026-01-07T18:28:00+05:00,TOS,P021,M0800,39,954408.00,114528.96,819546.00,UZS,tasdiqlangan
Q000273,S0006890,2026-01-07T18:58:00+05:00,FAR,P141,M0522,24,98400.00,11808.00,74784.00,UZS,tasdiqlangan
Q000274,S0007093,2026-01-07T18:06:00+05:00,BUX,P125,M0540,1,811808.00,97416.96,688272.00,UZS,tasdiqlangan
Q000275,S0007157,2026-01-08T18:11:00+05:00,TOS,P050,M0067,1,810823.00,97298.76,601848.00,UZS,tasdiqlangan
Q000276,S0006330,2026-01-09T18:13:00+05:00,FAR,P014,M0468,1,393860.00,47263.20,318440.00,UZS,tasdiqlangan
Q000277,S0006367,2026-01-09T18:13:00+05:00,TOS,P086,M0074,25,1792500.00,215100.00,1380225.00,UZS,tasdiqlangan
Q000278,S0006722,2026-01-09T18:09:00+05:00,FAR,P080,M0299,1,3916800.00,470016.00,2780928.00,UZS,tasdiqlangan
Q000279,S0007006,2026-01-09T18:52:00+05:00,TOS,P091,M0201,4,364168.00,43700.16,312144.00,UZS,tasdiqlangan
Q000280,S0007115,2026-01-09T18:57:00+05:00,TOS,P020,M0002,2,2229200.00,267504.00,1827944.00,UZS,tasdiqlangan
Q000281,S0006472,2026-01-10T18:01:00+05:00,BUX,P119,M0691,2,1714200.00,205704.00,1319934.00,UZS,tasdiqlangan
Q000282,S0006679,2026-01-11T18:47:00+05:00,TOS,P104,M0425,1,271415.00,32569.80,242845.00,UZS,tasdiqlangan
Q000283,S0007106,2026-01-11T18:34:00+05:00,FAR,P037,M0447,5,951000.00,114120.00,779820.00,UZS,tasdiqlangan
Q000284,S0007306,2026-01-11T18:45:00+05:00,FAR,P093,M0291,1,855928.00,102711.36,723568.00,UZS,tasdiqlangan
Q000285,S0006631,2026-01-12T18:28:00+05:00,TOS,P149,M0062,3,742800.00,89136.00,623952.00,UZS,tasdiqlangan
Q000286,S0006962,2026-01-12T18:59:00+05:00,TOS,P131,M0259,4,65600.00,7872.00,51168.00,UZS,tasdiqlangan
Q000287,,2026-01-12T18:43:00+05:00,TOS,P110,M0231,1,789500.00,94740.00,655285.00,UZS,tasdiqlangan
Q000288,S0007423,2026-01-13T18:35:00+05:00,TOS,P082,M0769,3,1621620.00,194594.40,1441440.00,UZS,tasdiqlangan
Q000289,,2026-01-14T18:40:00+05:00,BUX,P069,M0508,2,2239888.00,268786.56,1691344.00,UZS,tasdiqlangan
Q000290,S0006756,2026-01-15T18:33:00+05:00,TOS,P091,M0290,4,368800.00,44256.00,309792.00,UZS,tasdiqlangan
Q000291,S0007012,2026-01-15T18:22:00+05:00,FAR,P029,M0277,2,460600.00,55272.00,373086.00,UZS,tasdiqlangan
Q000292,S0007085,2026-01-15T18:20:00+05:00,FAR,P110,M0665,1,765815.00,91897.80,655285.00,UZS,tasdiqlangan
Q000293,S0007481,2026-01-16T18:06:00+05:00,SAM,P069,M0351,1,1059564.00,127147.68,852258.00,UZS,tasdiqlangan
Q000294,S0007023,2026-01-17T18:06:00+05:00,TOS,P029,M0586,1,230300.00,27636.00,186543.00,UZS,qoralama
Q000295,S0007050,2026-01-18T18:28:00+05:00,SAM,P149,M0626,1,229540.00,27544.80,209580.00,UZS,tasdiqlangan
Q000296,S0007158,2026-01-18T18:27:00+05:00,TOS,P068,M0067,2,1176400.00,141168.00,847008.00,UZS,tasdiqlangan
Q000297,S0007428,2026-01-18T18:04:00+05:00,SAM,P142,M0634,1,20000.00,2400.00,15200.00,UZS,tasdiqlangan
Q000298,S0007657,2026-01-18T18:19:00+05:00,FAR,P004,M0270,1,155520.00,18662.40,126144.00,UZS,tasdiqlangan
Q000299,S0006855,2026-01-19T18:30:00+05:00,TOS,P050,M0181,2,1658800.00,199056.00,1194336.00,UZS,tasdiqlangan
Q000300,S0007100,2026-01-20T18:28:00+05:00,BUX,P117,M0275,1,225200.00,27024.00,162144.00,UZS,tasdiqlangan
Q000301,S0007082,2026-01-21T18:33:00+05:00,FAR,P142,M0665,6,120000.00,14400.00,91200.00,UZS,tasdiqlangan
Q000302,S0007290,2026-01-23T18:55:00+05:00,SAM,P136,M0356,3,34200.00,4104.00,23940.00,UZS,tasdiqlangan
Q000303,S0007317,2026-01-23T18:07:00+05:00,TOS,P140,M0100,2,929656.00,111558.72,796848.00,UZS,tasdiqlangan
Q000304,S0007492,2026-01-25T18:58:00+05:00,BUX,P117,M0400,1,218444.00,26213.28,162144.00,UZS,tasdiqlangan
Q000305,S0007510,2026-01-25T18:28:00+05:00,FAR,P109,M0615,1,326300.00,39156.00,274092.00,UZS,tasdiqlangan
Q000306,S0007641,2026-01-25T18:23:00+05:00,FAR,P011,M0547,3,68100.00,8172.00,47670.00,UZS,tasdiqlangan
Q000307,S0007920,2026-01-28T18:32:00+05:00,TOS,P021,M0542,44,1084864.00,130183.68,931568.00,UZS,tasdiqlangan
Q000308,S0007391,2026-01-29T18:57:00+05:00,SAM,P123,M0440,2,353970.00,42476.40,290628.00,UZS,tasdiqlangan
Q000309,S0007663,2026-01-29T18:40:00+05:00,SAM,P118,M0352,6,2594256.00,311310.72,1905984.00,UZS,tasdiqlangan
Q000310,,2026-01-29T18:38:00+05:00,FAR,P119,M0208,1,863800.00,103656.00,665126.00,UZS,tasdiqlangan
Q000311,S0007926,2026-01-30T18:59:00+05:00,SAM,P098,M0244,3,811716.00,97405.92,688194.00,UZS,tasdiqlangan
Q000312,S0007706,2026-01-31T18:03:00+05:00,BUX,P083,M0456,1,1164735.00,139768.20,905905.00,UZS,tasdiqlangan
Q000313,,2026-01-31T18:50:00+05:00,BUX,P010,M0177,1,650200.00,78024.00,546168.00,UZS,tasdiqlangan
Q000314,S0007970,2026-01-31T18:18:00+05:00,BUX,P044,M0278,1,57600.00,6912.00,47808.00,UZS,tasdiqlangan
Q000315,S0007533,2026-02-01T18:48:00+05:00,BUX,P033,M0123,1,343100.00,41172.00,281342.00,UZS,tasdiqlangan
Q000316,S0008065,2026-02-01T18:59:00+05:00,TOS,P062,M0415,6,690600.00,82872.00,552480.00,UZS,tasdiqlangan
Q000317,S0008107,2026-02-01T18:52:00+05:00,TOS,P090,M0350,2,6501600.00,780192.00,5396328.00,UZS,tasdiqlangan
Q000318,S0007749,2026-02-03T18:21:00+05:00,TOS,P032,M0269,1,173448.00,20813.76,131400.00,UZS,tasdiqlangan
Q000319,S0007785,2026-02-04T18:08:00+05:00,SAM,P144,M0481,2,153600.00,18432.00,109056.00,UZS,tasdiqlangan
Q000320,S0007678,2026-02-05T18:54:00+05:00,BUX,P054,M0649,1,364705.00,43764.60,307120.00,UZS,tasdiqlangan
Q000321,S0007978,2026-02-05T18:36:00+05:00,FAR,P060,M0109,1,955696.00,114683.52,721648.00,UZS,tasdiqlangan
Q000322,S0008282,2026-02-05T18:49:00+05:00,TOS,P109,M0806,1,25.79,3.09,21.66,USD,tasdiqlangan
Q000323,S0007858,2026-02-06T18:09:00+05:00,BUX,P119,M0632,1,863800.00,103656.00,665126.00,UZS,tasdiqlangan
Q000324,S0008173,2026-02-06T18:08:00+05:00,TOS,P136,M0411,35,399000.00,47880.00,279300.00,UZS,tasdiqlangan
Q000325,S0008428,2026-02-06T18:29:00+05:00,BUX,P036,M0537,7,276500.00,33180.00,196315.00,UZS,tasdiqlangan
Q000326,S0008466,2026-02-07T18:29:00+05:00,SAM,P041,M0072,15,46500.00,5580.00,39060.00,UZS,tasdiqlangan
Q000327,S0008176,2026-02-08T18:31:00+05:00,TOS,P093,M0411,1,794160.00,95299.20,723568.00,UZS,tasdiqlangan
Q000328,,2026-02-08T18:01:00+05:00,BUX,P132,M0649,1,80100.00,9612.00,64881.00,UZS,tasdiqlangan
Q000329,S0008559,2026-02-08T18:55:00+05:00,TOS,P017,M0592,8,968800.00,116256.00,784728.00,UZS,tasdiqlangan
Q000330,S0007998,2026-02-09T18:14:00+05:00,TOS,P019,M0801,1,36.06,4.33,30.59,USD,tasdiqlangan
Q000331,,2026-02-09T18:57:00+05:00,SAM,P034,M0598,1,671800.00,80616.00,517286.00,UZS,tasdiqlangan
Q000332,S0008218,2026-02-10T18:09:00+05:00,TOS,P131,M0155,3,45045.00,5405.40,38610.00,UZS,tasdiqlangan
Q000333,S0008224,2026-02-10T18:07:00+05:00,BUX,P128,M0668,1,313700.00,37644.00,225864.00,UZS,tasdiqlangan
Q000334,S0008486,2026-02-10T18:16:00+05:00,SAM,P051,M0137,6,124800.00,14976.00,102336.00,UZS,tasdiqlangan
Q000335,S0008084,2026-02-12T18:45:00+05:00,FAR,P051,M0478,2,41200.00,4944.00,33784.00,UZS,tasdiqlangan
Q000336,S0008174,2026-02-12T18:14:00+05:00,TOS,P117,M0411,4,882784.00,105934.08,648576.00,UZS,tasdiqlangan
Q000337,S0008685,2026-02-13T18:23:00+05:00,FAR,P142,M0522,4,78376.00,9405.12,61408.00,UZS,tasdiqlangan
Q000338,S0008071,2026-02-14T18:50:00+05:00,TOS,P135,M0766,1,743000.00,89160.00,624120.00,UZS,tasdiqlangan
Q000339,S0008072,2026-02-15T18:52:00+05:00,TOS,P045,M0766,1,139300.00,16716.00,112833.00,UZS,tasdiqlangan
Q000340,,2026-02-15T18:46:00+05:00,FAR,P051,M0051,20,416000.00,49920.00,341120.00,UZS,tasdiqlangan
Q000341,S0008695,2026-02-15T18:32:00+05:00,SAM,P084,M0149,2,4549748.00,545969.76,3946210.00,UZS,tasdiqlangan
Q000342,S0008589,2026-02-17T18:29:00+05:00,TOS,P119,M0349,3,2402580.00,288309.60,2010855.00,UZS,tasdiqlangan
Q000343,S0009026,2026-02-17T18:56:00+05:00,TOS,P110,M0805,1,59.75,7.17,52.20,USD,tasdiqlangan
Q000344,,2026-02-18T18:29:00+05:00,FAR,P055,M0429,1,936000.00,112320.00,739440.00,UZS,tasdiqlangan
Q000345,,2026-02-18T18:37:00+05:00,FAR,P112,M0742,3,115140.00,13816.80,95748.00,UZS,tasdiqlangan
Q000346,S0008820,2026-02-19T18:08:00+05:00,BUX,P118,M0334,2,844740.00,101368.80,640224.00,UZS,tasdiqlangan
Q000347,S0009014,2026-02-19T18:23:00+05:00,TOS,P013,M0191,3,613068.00,73568.16,508716.00,UZS,tasdiqlangan
Q000348,S0008729,2026-02-20T18:28:00+05:00,TOS,P069,M0057,1,1160600.00,139272.00,858844.00,UZS,tasdiqlangan
Q000349,S0009123,2026-02-21T18:41:00+05:00,SAM,P085,M0012,1,5616000.00,673920.00,4155840.00,UZS,tasdiqlangan
Q000350,S0009132,2026-02-21T18:41:00+05:00,FAR,P018,M0600,2,474200.00,56904.00,369876.00,UZS,tasdiqlangan
Q000351,S0008672,2026-02-22T18:17:00+05:00,FAR,P124,M0248,1,367500.00,44100.00,294000.00,UZS,tasdiqlangan
Q000352,S0008881,2026-02-22T18:00:00+05:00,SAM,P131,M0614,3,45816.00,5497.92,38844.00,UZS,tasdiqlangan
Q000353,S0008807,2026-02-23T18:09:00+05:00,FAR,P017,M0114,2,242200.00,29064.00,196182.00,UZS,tasdiqlangan
Q000354,S0008979,2026-02-23T18:04:00+05:00,BUX,P090,M0334,1,3079440.00,369532.80,2719080.00,UZS,tasdiqlangan
Q000355,S0009110,2026-02-23T18:39:00+05:00,TOS,P074,M0055,1,1764192.00,211703.04,1543668.00,UZS,tasdiqlangan
Q000356,S0009106,2026-02-25T18:49:00+05:00,TOS,P007,M0387,5,353000.00,42360.00,268280.00,UZS,qoralama
Q000357,S0009173,2026-02-25T18:27:00+05:00,TOS,P098,M0586,5,1482000.00,177840.00,1155960.00,UZS,tasdiqlangan
Q000358,S0008539,2026-02-26T18:47:00+05:00,TOS,P080,M0677,1,3978000.00,477360.00,2824380.00,UZS,tasdiqlangan
Q000359,S0009453,2026-02-26T18:46:00+05:00,FAR,P071,M0162,6,551304.00,66156.48,492024.00,UZS,tasdiqlangan
Q000360,S0008766,2026-02-27T18:36:00+05:00,FAR,P068,M0515,5,2964000.00,355680.00,2134080.00,UZS,tasdiqlangan
Q000361,S0008823,2026-02-27T18:25:00+05:00,BUX,P132,M0334,7,564900.00,67788.00,457569.00,UZS,tasdiqlangan
Q000362,S0008868,2026-02-27T18:53:00+05:00,TOS,P002,M0776,5,227000.00,27240.00,177060.00,UZS,tasdiqlangan
Q000363,S0008923,2026-02-27T18:42:00+05:00,TOS,P046,M0581,9,158202.00,18984.24,124542.00,UZS,tasdiqlangan
Q000364,S0008961,2026-02-28T18:09:00+05:00,TOS,P073,M0281,1,938600.00,112632.00,769652.00,UZS,tasdiqlangan
Q000365,S0009072,2026-02-28T18:02:00+05:00,TOS,P019,M0408,1,441085.00,52930.20,390012.00,UZS,tasdiqlangan
Q000366,S0009218,2026-02-28T18:17:00+05:00,TOS,P131,M0398,25,415000.00,49800.00,323700.00,UZS,tasdiqlangan
Q000367,S0009003,2026-03-02T18:27:00+05:00,FAR,P055,M0368,1,879840.00,105580.80,739440.00,UZS,tasdiqlangan
Q000368,,2026-03-02T18:45:00+05:00,BUX,P037,M0378,4,766800.00,92016.00,628776.00,UZS,tasdiqlangan
Q000369,S0009503,2026-03-02T18:47:00+05:00,SAM,P148,M0798,1,120696.00,14483.52,100152.00,UZS,tasdiqlangan
Q000370,S0009168,2026-03-03T18:47:00+05:00,SAM,P044,M0168,3,174000.00,20880.00,144420.00,UZS,tasdiqlangan
Q000371,S0009610,2026-03-03T18:23:00+05:00,SAM,P110,M0072,1,729547.00,87545.64,665411.00,UZS,tasdiqlangan
Q000372,S0008904,2026-03-04T18:55:00+05:00,BUX,P087,M0488,1,324852.00,38982.24,293073.00,UZS,tasdiqlangan
Q000373,,2026-03-04T18:27:00+05:00,TOS,P130,M0217,1,1407744.00,168929.28,1078272.00,UZS,tasdiqlangan
Q000374,S0009146,2026-03-04T18:18:00+05:00,FAR,P140,M0704,2,1029600.00,123552.00,803088.00,UZS,tasdiqlangan
Q000375,S0008995,2026-03-05T18:22:00+05:00,FAR,P086,M0367,33,2402400.00,288288.00,1849848.00,UZS,tasdiqlangan
Q000376,,2026-03-05T18:04:00+05:00,BUX,P142,M0177,9,181800.00,21816.00,138168.00,UZS,tasdiqlangan
Q000377,S0009653,2026-03-05T18:54:00+05:00,FAR,P111,M0377,26,218400.00,26208.00,161616.00,UZS,qoralama
Q000378,S0008930,2026-03-06T18:31:00+05:00,BUX,P130,M0164,1,1467648.00,176117.76,1078272.00,UZS,tasdiqlangan
Q000379,S0009170,2026-03-06T18:44:00+05:00,TOS,P108,M0709,2,305760.00,36691.20,275520.00,UZS,tasdiqlangan
Q000380,S0009397,2026-03-06T18:21:00+05:00,TOS,P035,M0772,1,1539720.00,184766.40,1162980.00,UZS,tasdiqlangan
Q000381,S0009462,2026-03-06T18:50:00+05:00,TOS,P045,M0121,1,140400.00,16848.00,113724.00,UZS,tasdiqlangan
Q000382,S0009740,2026-03-06T18:01:00+05:00,FAR,P075,M0514,2,8960400.00,1075248.00,6541092.00,UZS,tasdiqlangan
Q000383,S0009792,2026-03-06T18:47:00+05:00,FAR,P108,M0795,1,165914.00,19909.68,138826.00,UZS,tasdiqlangan
Q000384,,2026-03-09T18:48:00+05:00,FAR,P055,M0008,1,936000.00,112320.00,739440.00,UZS,tasdiqlangan
Q000385,S0009246,2026-03-09T18:34:00+05:00,FAR,P054,M0162,1,386900.00,46428.00,309520.00,UZS,tasdiqlangan
Q000386,S0009437,2026-03-09T18:04:00+05:00,TOS,P006,M0363,2,29200.00,3504.00,20440.00,UZS,tasdiqlangan
Q000387,S0009562,2026-03-09T18:38:00+05:00,TOS,P062,M0393,3,344520.00,41342.40,278400.00,UZS,tasdiqlangan
Q000388,S0009651,2026-03-09T18:55:00+05:00,FAR,P056,M0377,13,286000.00,34320.00,214500.00,UZS,tasdiqlangan
Q000389,S0009956,2026-03-09T18:38:00+05:00,FAR,P085,M0704,1,5659200.00,679104.00,4187808.00,UZS,tasdiqlangan
Q000390,S0009492,2026-03-10T18:36:00+05:00,SAM,P014,M0525,3,1200192.00,144023.04,970368.00,UZS,tasdiqlangan
Q000391,S0009720,2026-03-10T18:58:00+05:00,TOS,P046,M0658,16,302400.00,36288.00,223776.00,UZS,tasdiqlangan
Q000392,S0009908,2026-03-10T18:54:00+05:00,TOS,P026,M0601,51,636174.00,76340.88,526932.00,UZS,tasdiqlangan
Q000393,S0009313,2026-03-11T18:28:00+05:00,SAM,P071,M0727,12,1185600.00,142272.00,984048.00,UZS,tasdiqlangan
Q000394,S0010143,2026-03-11T18:18:00+05:00,FAR,P009,M0270,1,272900.00,32748.00,226507.00,UZS,tasdiqlangan
Q000395,,2026-03-12T18:24:00+05:00,TOS,P144,M0366,1,76626.00,9195.12,54954.00,UZS,tasdiqlangan
Q000396,S0009295,2026-03-12T18:57:00+05:00,TOS,P028,M0049,1,118600.00,14232.00,88950.00,UZS,tasdiqlangan
Q000397,S0009773,2026-03-12T18:56:00+05:00,BUX,P135,M0632,1,679140.00,81496.80,633864.00,UZS,tasdiqlangan
Q000398,S0009961,2026-03-12T18:53:00+05:00,TOS,P110,M0744,1,801700.00,96204.00,665411.00,UZS,tasdiqlangan
Q000399,S0009973,2026-03-12T18:29:00+05:00,BUX,P012,M0472,6,670800.00,80496.00,556764.00,UZS,tasdiqlangan
Q000400,,2026-03-13T18:48:00+05:00,SAM,P074,M0493,2,3675400.00,441048.00,3087336.00,UZS,tasdiqlangan
Q000401,S0009851,2026-03-13T18:29:00+05:00,TOS,P133,M0422,4,618084.00,74170.08,490644.00,UZS,tasdiqlangan
Q000402,S0009943,2026-03-13T18:28:00+05:00,SAM,P092,M0042,4,1830000.00,219600.00,1335900.00,UZS,tasdiqlangan
Q000403,S0009880,2026-03-14T18:24:00+05:00,NAM,P097,M0011,3,457500.00,54900.00,379725.00,UZS,tasdiqlangan
Q000404,S0010130,2026-03-14T18:52:00+05:00,SAM,P036,M0662,7,253526.00,30423.12,197806.00,UZS,tasdiqlangan
Q000405,S0009335,2026-03-15T18:49:00+05:00,FAR,P145,M0180,1,183456.00,22014.72,155376.00,UZS,tasdiqlangan
Q000406,S0009357,2026-03-15T18:38:00+05:00,SAM,P119,M0568,2,1741000.00,208920.00,1340570.00,UZS,tasdiqlangan
Q000407,S0009477,2026-03-15T18:43:00+05:00,TOS,P003,M0678,2,176022.00,21122.64,136906.00,UZS,qoralama
Q000408,S0009521,2026-03-15T18:13:00+05:00,TOS,P045,M0281,1,140400.00,16848.00,113724.00,UZS,tasdiqlangan
Q000409,S0010285,2026-03-16T18:08:00+05:00,TOS,P104,M0433,2,526320.00,63158.40,497080.00,UZS,tasdiqlangan
Q000410,S0009650,2026-03-17T18:42:00+05:00,FAR,P078,M0377,1,795522.00,95462.64,651651.00,UZS,tasdiqlangan
Q000411,S0009828,2026-03-17T18:04:00+05:00,TOS,P037,M0738,1,193100.00,23172.00,158342.00,UZS,tasdiqlangan
Q000412,S0010308,2026-03-17T18:53:00+05:00,TOS,P034,M0371,1,648090.00,77770.80,525294.00,UZS,tasdiqlangan
Q000413,S0010021,2026-03-18T18:01:00+05:00,TOS,P062,M0166,7,785568.00,94268.16,654640.00,UZS,tasdiqlangan
Q000414,S0010324,2026-03-18T18:32:00+05:00,TOS,P133,M0432,1,156114.00,18733.68,122661.00,UZS,qoralama
Q000415,S0009683,2026-03-19T18:05:00+05:00,FAR,P146,M0119,19,258400.00,31008.00,183464.00,UZS,tasdiqlangan
Q000416,S0010183,2026-03-19T18:14:00+05:00,SAM,P061,M0743,16,350896.00,42107.52,289200.00,UZS,tasdiqlangan
Q000417,S0010257,2026-03-19T18:13:00+05:00,SAM,P090,M0763,1,3301200.00,396144.00,2739996.00,UZS,tasdiqlangan
Q000418,S0010550,2026-03-19T18:06:00+05:00,TOS,P010,M0661,1,660200.00,79224.00,554568.00,UZS,tasdiqlangan
Q000419,,2026-03-20T18:33:00+05:00,FAR,P127,M0429,2,318696.00,38243.52,273168.00,UZS,tasdiqlangan
Q000420,S0009967,2026-03-20T18:22:00+05:00,FAR,P010,M0326,2,1320400.00,158448.00,1109136.00,UZS,tasdiqlangan
Q000421,S0009705,2026-03-21T18:16:00+05:00,SAM,P142,M0178,2,40600.00,4872.00,30856.00,UZS,tasdiqlangan
Q000422,S0010217,2026-03-23T18:19:00+05:00,FAR,P046,M0426,9,158193.00,18983.16,125874.00,UZS,qoralama
Q000423,,2026-03-23T18:23:00+05:00,NAM,P070,M0523,1,2603232.00,312387.84,2122200.00,UZS,tasdiqlangan
Q000424,S0010398,2026-03-25T18:49:00+05:00,TOS,P135,M0161,1,754600.00,90552.00,633864.00,UZS,tasdiqlangan
Q000425,S0010006,2026-03-26T18:33:00+05:00,SAM,P149,M0375,1,253400.00,30408.00,212856.00,UZS,tasdiqlangan
Q000426,S0010203,2026-03-26T18:22:00+05:00,SAM,P088,M0012,5,3484500.00,418140.00,2543685.00,UZS,tasdiqlangan
Q000427,S0010601,2026-03-29T18:45:00+05:00,FAR,P094,M0033,1,1754400.00,210528.00,1280712.00,UZS,tasdiqlangan
Q000428,S0010725,2026-03-29T18:54:00+05:00,SAM,P130,M0743,1,1509100.00,181092.00,1086552.00,UZS,tasdiqlangan
Q000429,S0011046,2026-03-29T18:57:00+05:00,TOS,P034,M0673,2,1364400.00,163728.00,1050588.00,UZS,tasdiqlangan
Q000430,S0011177,2026-03-29T18:20:00+05:00,SAM,P094,M0597,1,1719312.00,206317.44,1280712.00,UZS,tasdiqlangan
Q000431,S0010805,2026-03-30T18:49:00+05:00,NAM,P098,M0346,3,815451.00,97854.12,698958.00,UZS,tasdiqlangan
Q000432,S0010837,2026-03-30T18:01:00+05:00,BUX,P069,M0694,3,3508800.00,421056.00,2596512.00,UZS,tasdiqlangan
Q000433,S0011109,2026-03-31T18:51:00+05:00,FAR,P014,M0252,1,428800.00,51456.00,325888.00,UZS,tasdiqlangan
Q000434,S0011191,2026-03-31T18:01:00+05:00,TOS,P041,M0671,16,49600.00,5952.00,41664.00,UZS,tasdiqlangan
Q000435,S0011020,2026-04-01T18:09:00+05:00,TOS,P072,M0769,10,4780710.00,573685.20,3670040.00,UZS,tasdiqlangan
Q000436,S0011149,2026-04-01T18:59:00+05:00,SAM,P109,M0249,1,331400.00,39768.00,278376.00,UZS,tasdiqlangan
Q000437,,2026-04-01T18:18:00+05:00,TOS,P057,M0190,7,694617.00,83354.04,522830.00,UZS,tasdiqlangan
Q000438,S0010839,2026-04-02T18:54:00+05:00,BUX,P055,M0694,1,905472.00,108656.64,745128.00,UZS,tasdiqlangan
Q000439,,2026-04-03T18:52:00+05:00,TOS,P016,M0154,9,226800.00,27216.00,185976.00,UZS,tasdiqlangan
Q000440,S0010483,2026-04-04T18:08:00+05:00,SAM,P143,M0195,1,39800.00,4776.00,33830.00,UZS,tasdiqlangan
Q000441,S0010786,2026-04-04T18:20:00+05:00,FAR,P148,M0795,1,121636.00,14596.32,100932.00,UZS,tasdiqlangan
Q000442,S0010974,2026-04-04T18:57:00+05:00,NAM,P067,M0075,1,305000.00,36600.00,219600.00,UZS,tasdiqlangan
Q000443,S0011478,2026-04-04T18:48:00+05:00,FAR,P109,M0328,2,667800.00,80136.00,560952.00,UZS,tasdiqlangan
Q000444,S0010475,2026-04-05T18:55:00+05:00,FAR,P038,M0551,1,378300.00,45396.00,272376.00,UZS,tasdiqlangan
Q000445,S0010746,2026-04-05T18:34:00+05:00,TOS,P007,M0500,1,71200.00,8544.00,54112.00,UZS,tasdiqlangan
Q000446,S0010815,2026-04-05T18:30:00+05:00,TOS,P058,M0785,2,418200.00,50184.00,313650.00,UZS,tasdiqlangan
Q000447,S0011067,2026-04-05T18:06:00+05:00,FAR,P119,M0368,2,1754400.00,210528.00,1350888.00,UZS,tasdiqlangan
Q000448,S0011281,2026-04-05T18:44:00+05:00,TOS,P075,M0654,1,4211388.00,505366.56,3270546.00,UZS,tasdiqlangan
Q000449,S0011432,2026-04-05T18:23:00+05:00,TOS,P054,M0550,2,785600.00,94272.00,628480.00,UZS,tasdiqlangan
Q000450,S0010575,2026-04-06T18:13:00+05:00,SAM,P047,M0568,9,823500.00,98820.00,592920.00,UZS,tasdiqlangan
Q000451,S0010742,2026-04-06T18:27:00+05:00,TOS,P051,M0235,1,21000.00,2520.00,17220.00,UZS,tasdiqlangan
Q000452,S0010922,2026-04-07T18:07:00+05:00,BUX,P074,M0421,2,3703600.00,444432.00,3111024.00,UZS,tasdiqlangan
Q000453,S0010722,2026-04-08T18:40:00+05:00,BUX,P120,M0691,1,1973646.00,236837.52,1549206.00,UZS,tasdiqlangan
Q000454,S0011562,2026-04-10T18:03:00+05:00,FAR,P057,M0660,2,215200.00,25824.00,150640.00,UZS,tasdiqlangan
Q000455,S0011105,2026-04-11T18:25:00+05:00,TOS,P094,M0613,2,3157920.00,378950.40,2561424.00,UZS,tasdiqlangan
Q000456,S0011375,2026-04-11T18:59:00+05:00,SAM,P108,M0065,1,169300.00,20316.00,138826.00,UZS,tasdiqlangan
Q000457,S0011767,2026-04-11T18:40:00+05:00,FAR,P048,M0752,4,657384.00,78886.08,527352.00,UZS,tasdiqlangan
Q000458,S0011036,2026-04-12T18:42:00+05:00,NAM,P051,M0087,3,63000.00,7560.00,51660.00,UZS,tasdiqlangan
Q000459,,2026-04-12T18:39:00+05:00,NAM,P090,M0438,1,3037104.00,364452.48,2739996.00,UZS,tasdiqlangan
Q000460,S0011682,2026-04-12T18:00:00+05:00,TOS,P012,M0471,6,649152.00,77898.24,561246.00,UZS,tasdiqlangan
Q000461,S0011781,2026-04-12T18:47:00+05:00,SAM,P110,M0396,1,767410.00,92089.20,670474.00,UZS,tasdiqlangan
Q000462,S0011433,2026-04-13T18:25:00+05:00,TOS,P009,M0550,2,517000.00,62040.00,456500.00,UZS,tasdiqlangan
Q000463,S0011613,2026-04-13T18:47:00+05:00,TOS,P097,M0241,2,307200.00,36864.00,254976.00,UZS,tasdiqlangan
Q000464,S0011638,2026-04-13T18:51:00+05:00,TOS,P038,M0466,4,1372320.00,164678.40,1097856.00,UZS,tasdiqlangan
Q000465,,2026-04-13T18:09:00+05:00,FAR,P029,M0140,2,471400.00,56568.00,381834.00,UZS,qoralama
Q000466,S0011161,2026-04-15T18:38:00+05:00,FAR,P034,M0374,1,675378.00,81045.36,525294.00,UZS,tasdiqlangan
Q000467,S0011304,2026-04-15T18:48:00+05:00,FAR,P062,M0516,1,116900.00,14028.00,93520.00,UZS,tasdiqlangan
Q000468,,2026-04-15T18:56:00+05:00,SAM,P033,M0117,3,969036.00,116284.32,863706.00,UZS,tasdiqlangan
Q000469,,2026-04-15T18:42:00+05:00,TOS,P126,M0188,41,1385800.00,166296.00,1025492.00,UZS,tasdiqlangan
Q000470,S0011615,2026-04-15T18:31:00+05:00,TOS,P074,M0241,1,1866000.00,223920.00,1567440.00,UZS,tasdiqlangan
Q000471,S0011668,2026-04-15T18:05:00+05:00,TOS,P033,M0590,2,639002.00,76680.24,575804.00,UZS,tasdiqlangan
Q000472,S0011244,2026-04-16T18:50:00+05:00,NAM,P111,M0705,14,117600.00,14112.00,87024.00,UZS,tasdiqlangan
Q000473,S0011366,2026-04-16T18:26:00+05:00,BUX,P020,M0723,2,2037240.00,244468.80,1856152.00,UZS,tasdiqlangan
Q000474,,2026-04-16T18:12:00+05:00,NAM,P002,M0436,1,45700.00,5484.00,35646.00,UZS,tasdiqlangan
Q000475,S0011438,2026-04-16T18:14:00+05:00,TOS,P135,M0181,1,760300.00,91236.00,638652.00,UZS,tasdiqlangan
Q000476,S0011906,2026-04-16T18:47:00+05:00,TOS,P069,M0613,1,1178500.00,141420.00,872090.00,UZS,tasdiqlangan
Q000477,,2026-04-16T18:10:00+05:00,TOS,P012,M0806,2,17.82,2.14,14.80,USD,tasdiqlangan
Q000478,S0012286,2026-04-18T18:04:00+05:00,TOS,P091,M0485,1,95000.00,11400.00,79800.00,UZS,tasdiqlangan
Q000479,S0012291,2026-04-18T18:08:00+05:00,TOS,P017,M0768,1,122900.00,14748.00,99549.00,UZS,tasdiqlangan
Q000480,S0011676,2026-04-21T18:24:00+05:00,SAM,P085,M0441,1,5702400.00,684288.00,4219776.00,UZS,tasdiqlangan
Q000481,,2026-04-21T18:27:00+05:00,SAM,P049,M0396,2,707000.00,84840.00,530250.00,UZS,tasdiqlangan
Q000482,S0012225,2026-04-22T18:19:00+05:00,FAR,P041,M0218,4,12800.00,1536.00,10752.00,UZS,tasdiqlangan
Q000483,S0011945,2026-04-24T18:32:00+05:00,BUX,P093,M0389,1,532711.00,63925.32,740378.00,UZS,tasdiqlangan
Q000484,S0012382,2026-04-24T18:09:00+05:00,TOS,P015,M0055,2,2090800.00,250896.00,1526284.00,UZS,tasdiqlangan
Q000485,S0011876,2026-04-25T18:07:00+05:00,FAR,P061,M0337,7,170100.00,20412.00,127575.00,UZS,tasdiqlangan
Q000486,S0012268,2026-04-26T18:19:00+05:00,SAM,P122,M0010,7,619801.00,74376.12,565313.00,UZS,tasdiqlangan
Q000487,S0011938,2026-04-27T18:00:00+05:00,BUX,P050,M0275,1,496132.00,59535.84,615888.00,UZS,tasdiqlangan
Q000488,S0012461,2026-04-27T18:09:00+05:00,NAM,P138,M0016,2,220800.00,26496.00,172224.00,UZS,tasdiqlangan
Q000489,S0012604,2026-04-27T18:36:00+05:00,TOS,P031,M0365,16,592000.00,71040.00,444000.00,UZS,tasdiqlangan
Q000490,S0012092,2026-04-28T18:05:00+05:00,FAR,P057,M0728,1,107600.00,12912.00,75320.00,UZS,tasdiqlangan
Q000491,S0012453,2026-04-29T18:25:00+05:00,NAM,P044,M0642,3,171399.00,20567.88,146661.00,UZS,tasdiqlangan
Q000492,,2026-04-29T18:39:00+05:00,BUX,P032,M0257,1,102201.00,12264.12,134475.00,UZS,tasdiqlangan
Q000493,S0012487,2026-04-30T18:39:00+05:00,TOS,P035,M0311,1,1530144.00,183617.28,1180872.00,UZS,tasdiqlangan
Q000494,S0012536,2026-04-30T18:45:00+05:00,NAM,P122,M0088,3,265629.00,31875.48,242277.00,UZS,tasdiqlangan
Q000495,S0012834,2026-04-30T18:34:00+05:00,TOS,P077,M0237,2,870600.00,104472.00,696480.00,UZS,tasdiqlangan
Q000496,S0012867,2026-04-30T18:47:00+05:00,FAR,P033,M0099,2,702200.00,84264.00,575804.00,UZS,tasdiqlangan
Q000497,S0011990,2026-05-01T18:55:00+05:00,BUX,P035,M0720,2,1995840.00,239500.80,2361744.00,UZS,tasdiqlangan
Q000498,,2026-05-01T18:39:00+05:00,FAR,P120,M0126,2,4276800.00,513216.00,3122064.00,UZS,tasdiqlangan
Q000499,S0012086,2026-05-02T18:40:00+05:00,TOS,P063,M0422,2,433716.00,52045.92,322980.00,UZS,tasdiqlangan
Q000500,S0012486,2026-05-02T18:49:00+05:00,TOS,P102,M0311,2,150528.00,18063.36,110592.00,UZS,tasdiqlangan
Q000501,S0012736,2026-05-02T18:48:00+05:00,SAM,P047,M0685,1,88512.00,10621.44,66384.00,UZS,tasdiqlangan
Q000502,S0012162,2026-05-03T18:43:00+05:00,SAM,P125,M0595,1,875813.00,105097.56,704262.00,UZS,tasdiqlangan
Q000503,S0012392,2026-05-03T18:07:00+05:00,NAM,P020,M0638,1,1140500.00,136860.00,935210.00,UZS,tasdiqlangan
Q000504,,2026-05-03T18:16:00+05:00,NAM,P016,M0391,1,22770.00,2732.40,20746.00,UZS,tasdiqlangan
Q000505,S0012419,2026-05-04T18:00:00+05:00,SAM,P089,M0072,1,1374900.00,164988.00,1141167.00,UZS,tasdiqlangan
Q000506,S0012523,2026-05-05T18:14:00+05:00,FAR,P149,M0374,3,765900.00,91908.00,643356.00,UZS,tasdiqlangan
Q000507,S0013123,2026-05-05T18:18:00+05:00,TOS,P131,M0581,6,102000.00,12240.00,79560.00,UZS,tasdiqlangan
Q000508,S0012376,2026-05-06T18:50:00+05:00,TOS,P002,M0336,11,507100.00,60852.00,395538.00,UZS,tasdiqlangan
Q000509,S0013039,2026-05-06T18:06:00+05:00,SAM,P028,M0168,2,242600.00,29112.00,181950.00,UZS,tasdiqlangan
Q000510,S0012563,2026-05-07T18:32:00+05:00,SAM,P010,M0753,2,1237458.00,148494.96,1117704.00,UZS,tasdiqlangan
Q000511,S0012973,2026-05-07T18:39:00+05:00,SAM,P120,M0750,1,1982232.00,237867.84,1572858.00,UZS,tasdiqlangan
Q000512,S0012510,2026-05-09T18:51:00+05:00,TOS,P045,M0778,1,136896.00,16427.52,115506.00,UZS,tasdiqlangan
Q000513,,2026-05-09T18:37:00+05:00,TOS,P017,M0198,6,700530.00,84063.60,597294.00,UZS,tasdiqlangan
Q000514,S0012599,2026-05-10T18:13:00+05:00,TOS,P001,M0057,2,18050.00,2166.00,13870.00,UZS,tasdiqlangan
Q000515,S0012660,2026-05-10T18:47:00+05:00,TOS,P105,M0407,1,712800.00,85536.00,541728.00,UZS,tasdiqlangan
Q000516,S0013014,2026-05-11T18:45:00+05:00,FAR,P005,M0487,1,430900.00,51708.00,357647.00,UZS,tasdiqlangan
Q000517,S0013097,2026-05-11T18:05:00+05:00,FAR,P126,M0114,11,374000.00,44880.00,276760.00,UZS,tasdiqlangan
Q000518,S0013420,2026-05-11T18:13:00+05:00,NAM,P135,M0016,1,750778.00,90093.36,643524.00,UZS,tasdiqlangan
Q000519,S0012569,2026-05-13T18:11:00+05:00,TOS,P044,M0639,2,117800.00,14136.00,97774.00,UZS,tasdiqlangan
Q000520,S0012742,2026-05-14T18:59:00+05:00,SAM,P075,M0499,2,9028800.00,1083456.00,6591024.00,UZS,tasdiqlangan
Q000521,S0013488,2026-05-14T18:48:00+05:00,BUX,P023,M0275,1,262800.00,31536.00,186588.00,UZS,qoralama
Q000522,S0012939,2026-05-15T18:46:00+05:00,TOS,P140,M0671,1,475657.00,57078.84,407706.00,UZS,tasdiqlangan
Q000523,S0013191,2026-05-15T18:51:00+05:00,FAR,P136,M0474,21,245700.00,29484.00,171990.00,UZS,tasdiqlangan
Q000524,S0012846,2026-05-16T18:34:00+05:00,NAM,P016,M0410,13,328900.00,39468.00,269698.00,UZS,tasdiqlangan
Q000525,S0013680,2026-05-16T18:07:00+05:00,FAR,P075,M0644,1,4548600.00,545832.00,3320478.00,UZS,tasdiqlangan
Q000526,S0013692,2026-05-16T18:58:00+05:00,TOS,P115,M0018,2,689400.00,82728.00,543860.00,UZS,tasdiqlangan
Q000527,S0013095,2026-05-17T18:48:00+05:00,FAR,P117,M0114,4,900936.00,108112.32,668736.00,UZS,tasdiqlangan
Q000528,S0013755,2026-05-17T18:40:00+05:00,BUX,P149,M0749,2,499162.00,59899.44,432264.00,UZS,tasdiqlangan
Q000529,S0013137,2026-05-18T18:07:00+05:00,TOS,P086,M0037,12,804600.00,96552.00,688380.00,UZS,tasdiqlangan
Q000530,,2026-05-18T18:52:00+05:00,TOS,P134,M0142,2,633200.00,75984.00,500228.00,UZS,tasdiqlangan
Q000531,,2026-05-19T18:04:00+05:00,TOS,P027,M0592,4,247600.00,29712.00,207984.00,UZS,tasdiqlangan
Q000532,S0013813,2026-05-19T18:24:00+05:00,FAR,P114,M0384,2,316600.00,37992.00,253280.00,UZS,tasdiqlangan
Q000533,S0013107,2026-05-20T18:37:00+05:00,SAM,P129,M0759,2,1266600.00,151992.00,1063944.00,UZS,tasdiqlangan
Q000534,,2026-05-20T18:18:00+05:00,TOS,P045,M0141,2,284328.00,34119.36,232632.00,UZS,tasdiqlangan
Q000535,S0013753,2026-05-20T18:06:00+05:00,BUX,P103,M0749,2,303200.00,36384.00,227400.00,UZS,tasdiqlangan
Q000536,S0013110,2026-05-21T18:42:00+05:00,FAR,P105,M0644,1,718200.00,86184.00,545832.00,UZS,tasdiqlangan
Q000537,S0013579,2026-05-21T18:14:00+05:00,TOS,P088,M0067,3,2037888.00,244546.56,1549644.00,UZS,tasdiqlangan
Q000538,S0013914,2026-05-21T18:50:00+05:00,FAR,P043,M0202,2,60600.00,7272.00,46662.00,UZS,tasdiqlangan
Q000539,S0013264,2026-05-22T18:48:00+05:00,TOS,P038,M0171,2,706744.00,84809.28,553104.00,UZS,tasdiqlangan
Q000540,S0013542,2026-05-23T18:08:00+05:00,SAM,P017,M0013,1,123800.00,14856.00,100278.00,UZS,tasdiqlangan
Q000541,S0013165,2026-05-25T18:58:00+05:00,FAR,P119,M0538,2,1781200.00,213744.00,1371524.00,UZS,tasdiqlangan
Q000542,S0013677,2026-05-25T18:23:00+05:00,FAR,P100,M0644,1,1436400.00,172368.00,1206576.00,UZS,tasdiqlangan
Q000543,S0013947,2026-05-26T18:21:00+05:00,TOS,P097,M0463,4,619200.00,74304.00,513936.00,UZS,qoralama
Q000544,S0013610,2026-05-27T18:10:00+05:00,TOS,P015,M0473,1,1053400.00,126408.00,768982.00,UZS,tasdiqlangan
Q000545,S0013668,2026-05-27T18:55:00+05:00,BUX,P038,M0023,5,1805270.00,216632.40,1382760.00,UZS,tasdiqlangan
Q000546,,2026-05-27T18:54:00+05:00,FAR,P088,M0355,1,707600.00,84912.00,516548.00,UZS,tasdiqlangan
Q000547,S0013857,2026-05-28T18:22:00+05:00,BUX,P021,M0720,3,83100.00,9972.00,65649.00,UZS,tasdiqlangan
Q000548,S0014236,2026-05-28T18:18:00+05:00,FAR,P044,M0270,1,59400.00,7128.00,49302.00,UZS,tasdiqlangan
Q000549,S0013763,2026-05-29T18:13:00+05:00,TOS,P084,M0127,2,4464624.00,535754.88,4037160.00,UZS,tasdiqlangan
Q000550,S0014042,2026-05-30T18:55:00+05:00,SAM,P125,M0220,1,855118.00,102614.16,709566.00,UZS,tasdiqlangan
Q000551,S0014347,2026-05-30T18:40:00+05:00,SAM,P122,M0183,1,98000.00,11760.00,81340.00,UZS,tasdiqlangan
Q000552,S0013507,2026-05-31T18:11:00+05:00,TOS,P036,M0424,1,40400.00,4848.00,28684.00,UZS,tasdiqlangan
Q000553,S0014433,2026-05-31T18:10:00+05:00,BUX,P060,M0445,1,1005500.00,120660.00,744070.00,UZS,tasdiqlangan
Q000554,S0013887,2026-06-01T18:30:00+05:00,FAR,P063,M0218,3,697500.00,83700.00,488250.00,UZS,tasdiqlangan
Q000555,,2026-06-01T18:58:00+05:00,SAM,P141,M0220,17,71638.00,8596.56,55556.00,UZS,tasdiqlangan
Q000556,,2026-06-02T18:49:00+05:00,TOS,P043,M0054,4,121200.00,14544.00,93324.00,UZS,tasdiqlangan
Q000557,S0014427,2026-06-02T18:12:00+05:00,TOS,P096,M0414,2,63800.00,7656.00,53592.00,UZS,tasdiqlangan
Q000558,S0014475,2026-06-02T18:06:00+05:00,NAM,P119,M0359,2,1656516.00,198781.92,1371524.00,UZS,tasdiqlangan
Q000559,S0013646,2026-06-03T18:29:00+05:00,NAM,P123,M0558,2,384200.00,46104.00,299676.00,UZS,tasdiqlangan
Q000560,S0014011,2026-06-03T18:21:00+05:00,TOS,P048,M0471,1,167348.00,20081.76,132787.00,UZS,tasdiqlangan
Q000561,S0014095,2026-06-03T18:59:00+05:00,FAR,P122,M0692,5,455700.00,54684.00,406700.00,UZS,tasdiqlangan
Q000562,S0014195,2026-06-03T18:08:00+05:00,TOS,P037,M0463,2,392200.00,47064.00,321604.00,UZS,tasdiqlangan
Q000563,,2026-06-03T18:12:00+05:00,SAM,P088,M0207,2,1316136.00,157936.32,1033096.00,UZS,tasdiqlangan
Q000564,S0013781,2026-06-04T18:43:00+05:00,NAM,P028,M0443,4,485200.00,58224.00,363900.00,UZS,tasdiqlangan
Q000565,S0014148,2026-06-04T18:55:00+05:00,FAR,P093,M0369,4,3456860.00,414823.20,2983816.00,UZS,tasdiqlangan
Q000566,S0013998,2026-06-05T18:43:00+05:00,FAR,P027,M0271,1,61900.00,7428.00,51996.00,UZS,tasdiqlangan
Q000567,S0014165,2026-06-06T18:11:00+05:00,TOS,P026,M0485,19,243200.00,29184.00,199424.00,UZS,tasdiqlangan
Q000568,S0014314,2026-06-06T18:49:00+05:00,SAM,P093,M0619,1,909700.00,109164.00,745954.00,UZS,tasdiqlangan
Q000569,S0014350,2026-06-07T18:04:00+05:00,NAM,P082,M0136,1,588240.00,70588.80,495360.00,UZS,tasdiqlangan
Q000570,S0014626,2026-06-07T18:12:00+05:00,TOS,P084,M0503,3,6962757.00,835530.84,6101385.00,UZS,tasdiqlangan
Q000571,,2026-06-08T18:42:00+05:00,TOS,P149,M0611,1,252154.00,30258.48,216132.00,UZS,tasdiqlangan
Q000572,S0014205,2026-06-08T18:27:00+05:00,FAR,P097,M0140,1,143964.00,17275.68,128484.00,UZS,tasdiqlangan
Q000573,S0014661,2026-06-08T18:25:00+05:00,SAM,P002,M0072,7,226044.00,27125.28,255528.00,UZS,tasdiqlangan
Q000574,S0014246,2026-06-10T18:35:00+05:00,TOS,P086,M0219,53,3869530.00,464343.60,3040345.00,UZS,tasdiqlangan
Q000575,S0014458,2026-06-10T18:55:00+05:00,FAR,P003,M0069,2,182000.00,21840.00,140140.00,UZS,tasdiqlangan
Q000576,S0014532,2026-06-10T18:56:00+05:00,SAM,P135,M0626,1,555696.00,66683.52,648312.00,UZS,tasdiqlangan
Q000577,S0014904,2026-06-10T18:00:00+05:00,BUX,P087,M0213,4,1353708.00,162444.96,1208148.00,UZS,tasdiqlangan
Q000578,S0014206,2026-06-11T18:08:00+05:00,FAR,P046,M0140,32,614400.00,73728.00,454656.00,UZS,tasdiqlangan
Q000579,S0014672,2026-06-11T18:41:00+05:00,FAR,P059,M0600,1,418700.00,50244.00,330773.00,UZS,tasdiqlangan
Q000580,S0014696,2026-06-11T18:01:00+05:00,TOS,P096,M0095,14,450800.00,54096.00,378672.00,UZS,tasdiqlangan
Q000581,S0014790,2026-06-11T18:33:00+05:00,TOS,P098,M0417,4,1222000.00,146640.00,953160.00,UZS,tasdiqlangan
Q000582,S0014802,2026-06-11T18:12:00+05:00,BUX,P040,M0275,1,1814769.00,217772.28,1558135.00,UZS,tasdiqlangan
Q000583,S0014485,2026-06-12T18:53:00+05:00,SAM,P081,M0788,16,2043200.00,245184.00,1471104.00,UZS,tasdiqlangan
Q000584,S0014880,2026-06-12T18:11:00+05:00,BUX,P135,M0266,1,771800.00,92616.00,648312.00,UZS,tasdiqlangan
Q000585,S0014174,2026-06-13T18:53:00+05:00,BUX,P017,M0164,2,242648.00,29117.76,200556.00,UZS,tasdiqlangan
Q000586,S0014393,2026-06-13T18:57:00+05:00,TOS,P005,M0416,1,409355.00,49122.60,357647.00,UZS,tasdiqlangan
Q000587,S0014493,2026-06-13T18:50:00+05:00,BUX,P085,M0322,2,11491200.00,1378944.00,8503488.00,UZS,tasdiqlangan
Q000588,S0014190,2026-06-14T18:43:00+05:00,NAM,P093,M0747,1,873312.00,104797.44,745954.00,UZS,tasdiqlangan
Q000589,S0014552,2026-06-14T18:55:00+05:00,TOS,P097,M0345,1,148200.00,17784.00,129480.00,UZS,tasdiqlangan
Q000590,S0014785,2026-06-15T18:49:00+05:00,SAM,P056,M0793,39,605475.00,72657.00,658125.00,UZS,tasdiqlangan
Q000591,S0014929,2026-06-15T18:44:00+05:00,BUX,P037,M0557,1,187720.00,22526.40,162032.00,UZS,tasdiqlangan
Q000592,S0015037,2026-06-16T18:00:00+05:00,TOS,P105,M0363,1,723600.00,86832.00,549936.00,UZS,tasdiqlangan
Q000593,S0014417,2026-06-17T18:00:00+05:00,FAR,P124,M0059,1,376000.00,45120.00,300800.00,UZS,tasdiqlangan
Q000594,S0014737,2026-06-18T18:23:00+05:00,SAM,P102,M0130,1,53820.00,6458.40,56160.00,UZS,tasdiqlangan
Q000595,S0014916,2026-06-18T18:26:00+05:00,TOS,P049,M0128,1,351722.00,42206.64,269175.00,UZS,tasdiqlangan
Q000596,S0015057,2026-06-18T18:45:00+05:00,FAR,P073,M0157,2,1935000.00,232200.00,1586700.00,UZS,tasdiqlangan
Q000597,S0014715,2026-06-19T18:12:00+05:00,SAM,P041,M0763,10,21760.00,2611.20,26880.00,UZS,tasdiqlangan
Q000598,S0015252,2026-06-19T18:07:00+05:00,TOS,P133,M0767,6,938304.00,112596.48,752598.00,UZS,tasdiqlangan
Q000599,S0015435,2026-06-19T18:12:00+05:00,BUX,P113,M0537,1,81500.00,9780.00,57865.00,UZS,tasdiqlangan
Q000600,S0015123,2026-06-20T18:22:00+05:00,NAM,P053,M0329,1,203700.00,24444.00,148701.00,UZS,tasdiqlangan
Q000601,S0014711,2026-06-21T18:30:00+05:00,TOS,P098,M0100,4,1222000.00,146640.00,953160.00,UZS,tasdiqlangan
Q000602,S0015071,2026-06-21T18:57:00+05:00,SAM,P078,M0287,6,3739392.00,448727.04,3999072.00,UZS,tasdiqlangan
Q000603,,2026-06-22T18:38:00+05:00,TOS,P058,M0034,3,641700.00,77004.00,481275.00,UZS,tasdiqlangan
Q000604,S0015052,2026-06-23T18:50:00+05:00,SAM,P007,M0058,1,49504.00,5940.48,55328.00,UZS,tasdiqlangan
Q000605,S0015397,2026-06-23T18:22:00+05:00,FAR,P025,M0585,1,1254200.00,150504.00,965734.00,UZS,tasdiqlangan
Q000606,S0015161,2026-06-25T18:54:00+05:00,TOS,P087,M0627,1,363900.00,43668.00,302037.00,UZS,tasdiqlangan
Q000607,,2026-06-25T18:17:00+05:00,FAR,P090,M0202,1,3275496.00,393059.52,2802744.00,UZS,tasdiqlangan
Q000608,S0015538,2026-06-25T18:10:00+05:00,TOS,P021,M0769,21,585900.00,70308.00,462861.00,UZS,tasdiqlangan
Q000609,,2026-06-26T18:52:00+05:00,NAM,P081,M0448,16,1995872.00,239504.64,1481472.00,UZS,tasdiqlangan
Q000610,S0015074,2026-06-26T18:03:00+05:00,TOS,P066,M0002,24,1543200.00,185184.00,1188264.00,UZS,tasdiqlangan
Q000611,S0015503,2026-06-26T18:18:00+05:00,TOS,P118,M0371,2,916600.00,109992.00,659952.00,UZS,tasdiqlangan
Q000612,S0015141,2026-06-27T18:24:00+05:00,FAR,P126,M0218,11,377300.00,45276.00,279202.00,UZS,tasdiqlangan
Q000613,S0015255,2026-06-27T18:40:00+05:00,NAM,P041,M0019,3,9408.00,1128.96,8064.00,UZS,tasdiqlangan
Q000614,,2026-06-27T18:37:00+05:00,NAM,P073,M0288,2,1935000.00,232200.00,1586700.00,UZS,tasdiqlangan
Q000615,S0015480,2026-06-27T18:54:00+05:00,BUX,P008,M0310,4,570400.00,68448.00,399280.00,UZS,tasdiqlangan
Q000616,S0015438,2026-06-28T18:54:00+05:00,NAM,P014,M0637,1,438700.00,52644.00,333412.00,UZS,tasdiqlangan
Q000617,S0015881,2026-06-28T18:18:00+05:00,FAR,P063,M0546,3,702600.00,84312.00,491820.00,UZS,tasdiqlangan
Q000618,S0015437,2026-07-01T18:10:00+05:00,BUX,P102,M0537,9,638820.00,76658.40,505440.00,UZS,tasdiqlangan
Q000619,S0015494,2026-07-01T18:53:00+05:00,SAM,P119,M0223,1,619137.00,74296.44,690921.00,UZS,tasdiqlangan
Q000620,S0015707,2026-07-01T18:07:00+05:00,TOS,P116,M0645,9,412110.00,49453.20,325350.00,UZS,tasdiqlangan
Q000621,S0015865,2026-07-02T18:56:00+05:00,BUX,P056,M0023,44,990000.00,118800.00,742500.00,UZS,qoralama
Q000622,S0015993,2026-07-02T18:13:00+05:00,TOS,P105,M0115,2,1418256.00,170190.72,1099872.00,UZS,tasdiqlangan
Q000623,S0016005,2026-07-02T18:21:00+05:00,NAM,P104,M0784,1,299100.00,35892.00,254235.00,UZS,tasdiqlangan
Q000624,S0016044,2026-07-02T18:49:00+05:00,NAM,P016,M0307,7,174503.00,20940.36,147518.00,UZS,tasdiqlangan
Q000625,,2026-07-03T18:35:00+05:00,TOS,P052,M0751,3,290160.00,34819.20,243360.00,UZS,tasdiqlangan
Q000626,S0015760,2026-07-03T18:31:00+05:00,FAR,P035,M0620,1,1688400.00,202608.00,1198764.00,UZS,tasdiqlangan
Q000627,S0016010,2026-07-03T18:40:00+05:00,TOS,P103,M0056,3,453816.00,54457.92,343800.00,UZS,tasdiqlangan
Q000628,S0015460,2026-07-04T18:17:00+05:00,TOS,P032,M0469,1,178360.00,21403.20,136500.00,UZS,tasdiqlangan
Q000629,S0015558,2026-07-04T18:38:00+05:00,BUX,P114,M0629,2,306240.00,36748.80,255200.00,UZS,tasdiqlangan
Q000630,S0015797,2026-07-04T18:31:00+05:00,BUX,P063,M0050,1,234200.00,28104.00,163940.00,UZS,tasdiqlangan
Q000631,,2026-07-05T18:18:00+05:00,SAM,P007,M0584,3,148512.00,17821.44,165984.00,UZS,tasdiqlangan
Q000632,S0016060,2026-07-05T18:18:00+05:00,TOS,P139,M0755,1,221000.00,26520.00,161330.00,UZS,tasdiqlangan
Q000633,S0016086,2026-07-05T18:24:00+05:00,TOS,P148,M0084,4,533600.00,64032.00,416208.00,UZS,tasdiqlangan
Q000634,S0015808,2026-07-07T18:36:00+05:00,TOS,P131,M0292,1,17200.00,2064.00,13416.00,UZS,tasdiqlangan
Q000635,,2026-07-07T18:31:00+05:00,FAR,P051,M0617,2,42800.00,5136.00,35096.00,UZS,tasdiqlangan
Q000636,,2026-07-08T18:31:00+05:00,FAR,P073,M0530,1,928800.00,111456.00,793350.00,UZS,tasdiqlangan
Q000637,S0015509,2026-07-09T18:14:00+05:00,TOS,P103,M0037,3,453816.00,54457.92,343800.00,UZS,tasdiqlangan
Q000638,S0015543,2026-07-09T18:39:00+05:00,SAM,P139,M0042,1,153510.00,18421.20,160089.00,UZS,tasdiqlangan
Q000639,S0015920,2026-07-09T18:42:00+05:00,SAM,P087,M0763,1,251091.00,30130.92,302037.00,UZS,tasdiqlangan
Q000640,,2026-07-09T18:57:00+05:00,BUX,P149,M0176,1,261100.00,31332.00,219324.00,UZS,tasdiqlangan
Q000641,S0016377,2026-07-10T18:41:00+05:00,BUX,P035,M0177,1,1701000.00,204120.00,1207710.00,UZS,tasdiqlangan
Q000642,S0015810,2026-07-11T18:55:00+05:00,TOS,P074,M0292,2,3485328.00,418239.36,3182256.00,UZS,tasdiqlangan
Q000643,S0015895,2026-07-11T18:48:00+05:00,TOS,P112,M0419,1,41600.00,4992.00,32864.00,UZS,tasdiqlangan
Q000644,S0016533,2026-07-12T18:36:00+05:00,TOS,P122,M0799,7,675605.00,81072.60,578095.00,UZS,tasdiqlangan
Q000645,S0015834,2026-07-13T18:30:00+05:00,SAM,P074,M0763,1,1363824.00,163658.88,1591128.00,UZS,tasdiqlangan
Q000646,S0016200,2026-07-13T18:05:00+05:00,TOS,P050,M0768,1,874800.00,104976.00,629856.00,UZS,tasdiqlangan
Q000647,S0015781,2026-07-14T18:25:00+05:00,SAM,P082,M0139,7,3013437.00,361612.44,3493840.00,UZS,tasdiqlangan
Q000648,S0016009,2026-07-15T18:14:00+05:00,TOS,P065,M0056,2,2219000.00,266280.00,1708630.00,UZS,tasdiqlangan
Q000649,S0016028,2026-07-15T18:59:00+05:00,TOS,P148,M0121,3,397200.00,47664.00,309816.00,UZS,tasdiqlangan
Q000650,S0016614,2026-07-15T18:59:00+05:00,FAR,P044,M0660,1,60300.00,7236.00,50049.00,UZS,tasdiqlangan
Q000651,S0016664,2026-07-16T18:25:00+05:00,SAM,P115,M0541,2,777600.00,93312.00,552096.00,UZS,qoralama
Q000652,S0016755,2026-07-17T18:29:00+05:00,FAR,P131,M0277,5,81310.00,9757.20,67470.00,UZS,tasdiqlangan
Q000653,S0016398,2026-07-18T18:20:00+05:00,TOS,P070,M0590,2,5832000.00,699840.00,4374000.00,UZS,tasdiqlangan
Q000654,,2026-07-18T18:49:00+05:00,SAM,P070,M0131,1,2770200.00,332424.00,2187000.00,UZS,tasdiqlangan
Q000655,S0016650,2026-07-18T18:49:00+05:00,NAM,P104,M0747,1,286235.00,34348.20,256105.00,UZS,tasdiqlangan
Q000656,S0016580,2026-07-19T18:51:00+05:00,TOS,P087,M0237,8,2845592.00,341471.04,2434888.00,UZS,tasdiqlangan
Q000657,S0016456,2026-07-20T18:38:00+05:00,SAM,P046,M0650,17,329800.00,39576.00,244052.00,UZS,tasdiqlangan
Q000658,S0016797,2026-07-20T18:49:00+05:00,FAR,P049,M0157,3,1084800.00,130176.00,813600.00,UZS,tasdiqlangan
Q000659,S0016155,2026-07-21T18:25:00+05:00,SAM,P002,M0532,6,262818.00,31538.16,220428.00,UZS,tasdiqlangan
Q000660,S0016220,2026-07-21T18:41:00+05:00,BUX,P098,M0182,1,307800.00,36936.00,240084.00,UZS,tasdiqlangan
Q000661,S0016749,2026-07-21T18:36:00+05:00,BUX,P012,M0348,5,518400.00,62208.00,478080.00,UZS,tasdiqlangan
Q000662,S0016813,2026-07-21T18:03:00+05:00,TOS,P017,M0766,3,369558.00,44346.96,305451.00,UZS,tasdiqlangan
Q000663,S0016488,2026-07-22T18:50:00+05:00,BUX,P062,M0386,6,723000.00,86760.00,578400.00,UZS,tasdiqlangan
Q000664,S0016926,2026-07-22T18:38:00+05:00,SAM,P064,M0702,2,924000.00,110880.00,748440.00,UZS,tasdiqlangan
Q000665,S0016196,2026-07-23T18:06:00+05:00,NAM,P149,M0043,1,261100.00,31332.00,219324.00,UZS,tasdiqlangan
Q000666,S0016686,2026-07-23T18:46:00+05:00,FAR,P105,M0528,2,1370520.00,164462.40,1108080.00,UZS,tasdiqlangan
Q000667,S0016303,2026-07-24T18:09:00+05:00,TOS,P028,M0550,1,113252.00,13590.24,92325.00,UZS,tasdiqlangan
Q000668,S0016448,2026-07-24T18:49:00+05:00,BUX,P133,M0508,2,328400.00,39408.00,252868.00,UZS,tasdiqlangan
Q000669,S0016915,2026-07-24T18:20:00+05:00,SAM,P081,M0246,2,259200.00,31104.00,186624.00,UZS,tasdiqlangan
Q000670,S0017001,2026-07-24T18:39:00+05:00,TOS,P065,M0210,2,2101464.00,252175.68,1721412.00,UZS,tasdiqlangan
Q000671,S0016315,2026-07-25T18:58:00+05:00,TOS,P056,M0039,6,136200.00,16344.00,102150.00,UZS,tasdiqlangan
Q000672,S0016345,2026-07-26T18:51:00+05:00,TOS,P032,M0647,1,183300.00,21996.00,137475.00,UZS,tasdiqlangan
Q000673,S0016379,2026-07-26T18:17:00+05:00,BUX,P093,M0177,3,2659392.00,319127.04,2271564.00,UZS,tasdiqlangan
Q000674,S0017082,2026-07-26T18:15:00+05:00,BUX,P126,M0501,13,449800.00,53976.00,332852.00,UZS,tasdiqlangan
Q000675,S0016339,2026-07-27T18:24:00+05:00,NAM,P106,M0222,1,18400.00,2208.00,13064.00,UZS,tasdiqlangan
Q000676,S0016592,2026-07-27T18:43:00+05:00,FAR,P031,M0692,9,340200.00,40824.00,255150.00,UZS,tasdiqlangan
Q000677,S0016980,2026-07-27T18:28:00+05:00,TOS,P029,M0416,1,226634.00,27196.08,195291.00,UZS,tasdiqlangan
Q000678,S0016520,2026-07-28T18:07:00+05:00,TOS,P130,M0419,2,3110400.00,373248.00,2239488.00,UZS,tasdiqlangan
Q000679,S0016615,2026-07-28T18:57:00+05:00,FAR,P015,M0660,1,1069200.00,128304.00,780516.00,UZS,tasdiqlangan
Q000680,S0017064,2026-07-28T18:29:00+05:00,BUX,P090,M0735,1,3197880.00,383745.60,2823660.00,UZS,tasdiqlangan
Q000681,S0017272,2026-07-28T18:29:00+05:00,BUX,P051,M0694,21,453600.00,54432.00,371952.00,UZS,tasdiqlangan
Q000682,S0016541,2026-07-29T18:50:00+05:00,FAR,P082,M0770,1,628600.00,75432.00,502880.00,UZS,tasdiqlangan
Q000683,S0016961,2026-07-29T18:15:00+05:00,NAM,P032,M0120,1,166803.00,20016.36,137475.00,UZS,tasdiqlangan
Q000684,,2026-07-30T18:25:00+05:00,SAM,P148,M0287,4,528264.00,63391.68,416208.00,UZS,tasdiqlangan
Q000685,S0016819,2026-07-31T18:30:00+05:00,TOS,P035,M0165,1,1701000.00,204120.00,1207710.00,UZS,tasdiqlangan
Q000686,S0017173,2026-07-31T18:46:00+05:00,TOS,P108,M0779,2,324384.00,38926.08,286016.00,UZS,tasdiqlangan
Q000687,S0016934,2026-08-01T18:27:00+05:00,TOS,P083,M0664,1,1231200.00,147744.00,948024.00,UZS,tasdiqlangan
Q000688,,2026-08-01T18:42:00+05:00,TOS,P076,M0056,34,3121200.00,374544.00,2403324.00,UZS,tasdiqlangan
Q000689,,2026-08-02T18:23:00+05:00,TOS,P008,M0664,1,142164.00,17059.68,100520.00,UZS,tasdiqlangan
Q000690,S0017312,2026-08-02T18:02:00+05:00,FAR,P093,M0585,2,1846800.00,221616.00,1514376.00,UZS,tasdiqlangan
Q000691,S0017223,2026-08-03T18:51:00+05:00,TOS,P104,M0147,1,301300.00,36156.00,256105.00,UZS,tasdiqlangan
Q000692,S0017470,2026-08-04T18:27:00+05:00,TOS,P131,M0573,30,508620.00,61034.40,404820.00,UZS,tasdiqlangan
Q000693,S0016766,2026-08-05T18:33:00+05:00,FAR,P136,M0008,12,142800.00,17136.00,99960.00,UZS,tasdiqlangan
Q000694,S0017075,2026-08-05T18:01:00+05:00,TOS,P041,M0106,52,159744.00,19169.28,139776.00,UZS,tasdiqlangan
Q000695,S0017289,2026-08-05T18:33:00+05:00,FAR,P068,M0253,5,2770200.00,332424.00,2216160.00,UZS,tasdiqlangan
Q000696,S0017400,2026-08-05T18:55:00+05:00,SAM,P053,M0392,5,954180.00,114501.60,748980.00,UZS,tasdiqlangan
Q000697,S0016857,2026-08-06T18:02:00+05:00,TOS,P034,M0794,1,703100.00,84372.00,541387.00,UZS,tasdiqlangan
Q000698,S0016939,2026-08-07T18:03:00+05:00,TOS,P114,M0056,2,321400.00,38568.00,257120.00,UZS,tasdiqlangan
Q000699,S0017014,2026-08-07T18:42:00+05:00,FAR,P070,M0099,2,5248800.00,629856.00,4374000.00,UZS,tasdiqlangan
Q000700,S0017578,2026-08-07T18:57:00+05:00,TOS,P060,M0738,1,1007636.00,120916.32,760868.00,UZS,tasdiqlangan
Q000701,S0017634,2026-08-07T18:35:00+05:00,TOS,P063,M0467,2,475400.00,57048.00,332780.00,UZS,tasdiqlangan
Q000702,S0016984,2026-08-08T18:26:00+05:00,SAM,P133,M0071,2,328400.00,39408.00,252868.00,UZS,tasdiqlangan
Q000703,,2026-08-08T18:01:00+05:00,FAR,P109,M0384,3,1032000.00,123840.00,866880.00,UZS,tasdiqlangan
Q000704,S0017245,2026-08-09T18:36:00+05:00,TOS,P003,M0580,4,369200.00,44304.00,284284.00,UZS,tasdiqlangan
Q000705,,2026-08-10T18:44:00+05:00,TOS,P145,M0646,2,384912.00,46189.44,322704.00,UZS,tasdiqlangan
Q000706,,2026-08-10T18:31:00+05:00,BUX,P141,M0458,14,61600.00,7392.00,46816.00,UZS,tasdiqlangan
Q000707,,2026-08-10T18:52:00+05:00,TOS,P120,M0432,1,2071008.00,248520.96,1608336.00,UZS,tasdiqlangan
Q000708,S0017240,2026-08-11T18:35:00+05:00,SAM,P032,M0152,2,366600.00,43992.00,274950.00,UZS,tasdiqlangan
Q000709,S0017619,2026-08-11T18:47:00+05:00,BUX,P127,M0243,1,168900.00,20268.00,141876.00,UZS,tasdiqlangan
Q000710,,2026-08-11T18:49:00+05:00,SAM,P027,M0634,2,126600.00,15192.00,106344.00,UZS,tasdiqlangan
Q000711,S0017864,2026-08-12T18:47:00+05:00,SAM,P125,M0272,1,865086.00,103810.32,725556.00,UZS,tasdiqlangan
Q000712,S0017186,2026-08-13T18:35:00+05:00,NAM,P065,M0088,1,1017198.00,122063.76,860706.00,UZS,tasdiqlangan
Q000713,S0017298,2026-08-13T18:44:00+05:00,TOS,P069,M0186,2,2410600.00,289272.00,1783844.00,UZS,tasdiqlangan
Q000714,S0018012,2026-08-13T18:44:00+05:00,TOS,P049,M0594,1,364300.00,43716.00,273225.00,UZS,tasdiqlangan
Q000715,S0017641,2026-08-14T18:36:00+05:00,TOS,P001,M0336,1,9800.00,1176.00,7154.00,UZS,tasdiqlangan
Q000716,S0017439,2026-08-15T18:20:00+05:00,BUX,P100,M0082,1,1355940.00,162712.80,1224720.00,UZS,tasdiqlangan
Q000717,S0018142,2026-08-15T18:58:00+05:00,TOS,P029,M0340,1,233088.00,27970.56,196668.00,UZS,tasdiqlangan
Q000718,S0017768,2026-08-16T18:19:00+05:00,TOS,P044,M0073,1,60093.00,7211.16,50381.00,UZS,tasdiqlangan
Q000719,S0017806,2026-08-16T18:35:00+05:00,BUX,P117,M0609,7,1662500.00,199500.00,1197000.00,UZS,tasdiqlangan
Q000720,,2026-08-16T18:52:00+05:00,FAR,P032,M0426,3,509772.00,61172.64,415575.00,UZS,tasdiqlangan
Q000721,S0017456,2026-08-17T18:30:00+05:00,SAM,P008,M0457,1,133548.00,16025.76,100520.00,UZS,qoralama
Q000722,,2026-08-17T18:03:00+05:00,FAR,P035,M0114,1,1593648.00,191237.76,1216656.00,UZS,tasdiqlangan
Q000723,S0017410,2026-08-18T18:13:00+05:00,TOS,P134,M0646,1,321400.00,38568.00,253906.00,UZS,tasdiqlangan
Q000724,S0017885,2026-08-18T18:36:00+05:00,TOS,P054,M0785,1,396606.00,47592.72,323760.00,UZS,tasdiqlangan
Q000725,S0018208,2026-08-18T18:30:00+05:00,TOS,P131,M0715,37,643800.00,77256.00,502164.00,UZS,tasdiqlangan
Q000726,S0017974,2026-08-19T18:12:00+05:00,TOS,P007,M0074,3,221700.00,26604.00,168492.00,UZS,tasdiqlangan
Q000727,,2026-08-19T18:24:00+05:00,NAM,P110,M0320,2,1664600.00,199752.00,1381618.00,UZS,tasdiqlangan
Q000728,S0017962,2026-08-20T18:55:00+05:00,TOS,P063,M0258,3,713100.00,85572.00,499170.00,UZS,tasdiqlangan
Q000729,S0017507,2026-08-21T18:22:00+05:00,TOS,P071,M0539,15,1551000.00,186120.00,1287330.00,UZS,tasdiqlangan
Q000730,S0017873,2026-08-21T18:21:00+05:00,TOS,P102,M0186,2,142560.00,17107.20,114048.00,UZS,tasdiqlangan
Q000731,S0018025,2026-08-21T18:02:00+05:00,SAM,P088,M0454,5,3617500.00,434100.00,2640775.00,UZS,tasdiqlangan
Q000732,S0017583,2026-08-22T18:24:00+05:00,TOS,P075,M0312,2,9302400.00,1116288.00,6790752.00,UZS,tasdiqlangan
Q000733,S0017695,2026-08-22T18:00:00+05:00,TOS,P075,M0621,2,9023328.00,1082799.36,6790752.00,UZS,tasdiqlangan
Q000734,S0017869,2026-08-22T18:13:00+05:00,NAM,P037,M0734,2,401000.00,48120.00,328820.00,UZS,tasdiqlangan
Q000735,S0017772,2026-08-23T18:28:00+05:00,SAM,P006,M0753,8,119168.00,14300.16,85120.00,UZS,tasdiqlangan
Q000736,S0017904,2026-08-23T18:14:00+05:00,BUX,P046,M0459,10,190120.00,22814.40,145040.00,UZS,tasdiqlangan
Q000737,S0018058,2026-08-23T18:36:00+05:00,NAM,P054,M0087,2,809400.00,97128.00,647520.00,UZS,tasdiqlangan
Q000738,S0017784,2026-08-24T18:06:00+05:00,BUX,P034,M0562,1,701217.00,84146.04,545391.00,UZS,tasdiqlangan
Q000739,S0017787,2026-08-24T18:49:00+05:00,TOS,P082,M0804,4,182.22,21.87,160.20,USD,tasdiqlangan
Q000740,S0018002,2026-08-25T18:49:00+05:00,SAM,P067,M0138,5,1503850.00,180462.00,1139760.00,UZS,tasdiqlangan
Q000741,S0018361,2026-08-26T18:02:00+05:00,BUX,P057,M0716,1,108584.00,13030.08,77560.00,UZS,tasdiqlangan
Q000742,S0017807,2026-08-27T18:43:00+05:00,TOS,P044,M0225,3,182100.00,21852.00,151143.00,UZS,tasdiqlangan
Q000743,S0018048,2026-08-28T18:25:00+05:00,TOS,P118,M0807,1,35.30,4.24,26.47,USD,tasdiqlangan
Q000744,S0018297,2026-08-28T18:15:00+05:00,TOS,P059,M0681,2,850000.00,102000.00,671500.00,UZS,tasdiqlangan
Q000745,S0018304,2026-08-28T18:55:00+05:00,TOS,P124,M0503,2,753620.00,90434.40,615200.00,UZS,tasdiqlangan
Q000746,S0018656,2026-08-28T18:15:00+05:00,TOS,P117,M0801,8,150.16,18.02,108.08,USD,tasdiqlangan
Q000747,S0018193,2026-08-29T18:31:00+05:00,SAM,P052,M0714,12,1266000.00,151920.00,987480.00,UZS,tasdiqlangan
Q000748,S0018368,2026-08-29T18:59:00+05:00,NAM,P101,M0523,9,132030.00,15843.60,104157.00,UZS,tasdiqlangan
Q000749,S0018689,2026-08-29T18:34:00+05:00,TOS,P055,M0751,1,979200.00,117504.00,773568.00,UZS,tasdiqlangan
Q000750,S0018370,2026-08-30T18:13:00+05:00,NAM,P070,M0523,1,2820096.00,338411.52,2203200.00,UZS,tasdiqlangan
